kernel,MemLocation,Input,MatrixTemp,FilesavingPower,label,TimePerc,Time,calls,AVG,MIN,MAX
calculate_temp,64,Global,none,none,000,100.00,0.410366,1,0.410366,0.410366,0.410366
calculate_temp,64,Global,none,cudaMemAdviseSetReadMostly,001,100.00,0.454109,1,0.454109,0.454109,0.454109
calculate_temp,64,Global,none,cudaMemAdviseSetPreferredLocationGPU,002,100.00,0.423901,1,0.423901,0.423901,0.423901
calculate_temp,64,Global,none,cudaMemAdviseSetAccessedByGPU,003,100.00,0.392925,1,0.392925,0.392925,0.392925
calculate_temp,64,Global,none,cudaMemAdviseSetPreferredLocationGPU,004,100.00,0.452317,1,0.452317,0.452317,0.452317
calculate_temp,64,Global,none,cudaMemAdviseSetPreferredLocationCPU,005,100.00,0.436829,1,0.436829,0.436829,0.436829
calculate_temp,64,Global,cudaMemAdviseSetReadMostly,none,010,100.00,0.419230,1,0.419230,0.419230,0.419230
calculate_temp,64,Global,cudaMemAdviseSetReadMostly,cudaMemAdviseSetReadMostly,011,100.00,0.481950,1,0.481950,0.481950,0.481950
calculate_temp,64,Global,cudaMemAdviseSetReadMostly,cudaMemAdviseSetPreferredLocationGPU,012,100.00,0.439453,1,0.439453,0.439453,0.439453
calculate_temp,64,Global,cudaMemAdviseSetReadMostly,cudaMemAdviseSetAccessedByGPU,013,100.00,0.416349,1,0.416349,0.416349,0.416349
calculate_temp,64,Global,cudaMemAdviseSetReadMostly,cudaMemAdviseSetPreferredLocationGPU,014,100.00,0.485917,1,0.485917,0.485917,0.485917
calculate_temp,64,Global,cudaMemAdviseSetReadMostly,cudaMemAdviseSetPreferredLocationCPU,015,100.00,0.452957,1,0.452957,0.452957,0.452957
calculate_temp,64,Global,cudaMemAdviseSetPreferredLocationGPU,none,020,100.00,0.432190,1,0.432190,0.432190,0.432190
calculate_temp,64,Global,cudaMemAdviseSetPreferredLocationGPU,cudaMemAdviseSetReadMostly,021,100.00,0.481950,1,0.481950,0.481950,0.481950
calculate_temp,64,Global,cudaMemAdviseSetPreferredLocationGPU,cudaMemAdviseSetPreferredLocationGPU,022,100.00,0.468638,1,0.468638,0.468638,0.468638
calculate_temp,64,Global,cudaMemAdviseSetPreferredLocationGPU,cudaMemAdviseSetAccessedByGPU,023,100.00,0.405950,1,0.405950,0.405950,0.405950
calculate_temp,64,Global,cudaMemAdviseSetPreferredLocationGPU,cudaMemAdviseSetPreferredLocationGPU,024,100.00,0.445789,1,0.445789,0.445789,0.445789
calculate_temp,64,Global,cudaMemAdviseSetPreferredLocationGPU,cudaMemAdviseSetPreferredLocationCPU,025,100.00,0.456094,1,0.456094,0.456094,0.456094
calculate_temp,64,Global,cudaMemAdviseSetAccessedByGPU,none,030,100.00,0.360414,1,0.360414,0.360414,0.360414
calculate_temp,64,Global,cudaMemAdviseSetAccessedByGPU,cudaMemAdviseSetReadMostly,031,100.00,0.349343,1,0.349343,0.349343,0.349343
calculate_temp,64,Global,cudaMemAdviseSetAccessedByGPU,cudaMemAdviseSetPreferredLocationGPU,032,100.00,0.331775,1,0.331775,0.331775,0.331775
calculate_temp,64,Global,cudaMemAdviseSetAccessedByGPU,cudaMemAdviseSetAccessedByGPU,033,100.00,0.018720,1,0.018720,0.018720,0.018720
calculate_temp,64,Global,cudaMemAdviseSetAccessedByGPU,cudaMemAdviseSetPreferredLocationGPU,034,100.00,0.199839,1,0.199839,0.199839,0.199839
calculate_temp,64,Global,cudaMemAdviseSetAccessedByGPU,cudaMemAdviseSetPreferredLocationCPU,035,100.00,0.343550,1,0.343550,0.343550,0.343550
calculate_temp,64,Global,cudaMemAdviseSetPreferredLocationGPU,none,040,100.00,0.435934,1,0.435934,0.435934,0.435934
calculate_temp,64,Global,cudaMemAdviseSetPreferredLocationGPU,cudaMemAdviseSetReadMostly,041,100.00,0.453278,1,0.453278,0.453278,0.453278
calculate_temp,64,Global,cudaMemAdviseSetPreferredLocationGPU,cudaMemAdviseSetPreferredLocationGPU,042,100.00,0.441853,1,0.441853,0.441853,0.441853
calculate_temp,64,Global,cudaMemAdviseSetPreferredLocationGPU,cudaMemAdviseSetAccessedByGPU,043,100.00,0.225407,1,0.225407,0.225407,0.225407
calculate_temp,64,Global,cudaMemAdviseSetPreferredLocationGPU,cudaMemAdviseSetPreferredLocationGPU,044,100.00,0.285118,1,0.285118,0.285118,0.285118
calculate_temp,64,Global,cudaMemAdviseSetPreferredLocationGPU,cudaMemAdviseSetPreferredLocationCPU,045,100.00,0.496701,1,0.496701,0.496701,0.496701
calculate_temp,64,Global,cudaMemAdviseSetPreferredLocationCPU,none,050,100.00,0.421533,1,0.421533,0.421533,0.421533
calculate_temp,64,Global,cudaMemAdviseSetPreferredLocationCPU,cudaMemAdviseSetReadMostly,051,100.00,0.437182,1,0.437182,0.437182,0.437182
calculate_temp,64,Global,cudaMemAdviseSetPreferredLocationCPU,cudaMemAdviseSetPreferredLocationGPU,052,100.00,0.439677,1,0.439677,0.439677,0.439677
calculate_temp,64,Global,cudaMemAdviseSetPreferredLocationCPU,cudaMemAdviseSetAccessedByGPU,053,100.00,0.398655,1,0.398655,0.398655,0.398655
calculate_temp,64,Global,cudaMemAdviseSetPreferredLocationCPU,cudaMemAdviseSetPreferredLocationGPU,054,100.00,0.459966,1,0.459966,0.459966,0.459966
calculate_temp,64,Global,cudaMemAdviseSetPreferredLocationCPU,cudaMemAdviseSetPreferredLocationCPU,055,100.00,0.452445,1,0.452445,0.452445,0.452445
calculate_temp,64,Host,none,none,100,100.00,0.388862,1,0.388862,0.388862,0.388862
calculate_temp,64,Host,none,cudaMemAdviseSetReadMostly,101,100.00,0.463165,1,0.463165,0.463165,0.463165
calculate_temp,64,Host,none,cudaMemAdviseSetPreferredLocationGPU,102,100.00,0.464958,1,0.464958,0.464958,0.464958
calculate_temp,64,Host,none,cudaMemAdviseSetAccessedByGPU,103,100.00,0.386334,1,0.386334,0.386334,0.386334
calculate_temp,64,Host,none,cudaMemAdviseSetPreferredLocationGPU,104,100.00,0.492254,1,0.492254,0.492254,0.492254
calculate_temp,64,Host,none,cudaMemAdviseSetPreferredLocationCPU,105,100.00,0.423325,1,0.423325,0.423325,0.423325
calculate_temp,64,Host,cudaMemAdviseSetReadMostly,none,110,100.00,0.433534,1,0.433534,0.433534,0.433534
calculate_temp,64,Host,cudaMemAdviseSetReadMostly,cudaMemAdviseSetReadMostly,111,100.00,0.495646,1,0.495646,0.495646,0.495646
calculate_temp,64,Host,cudaMemAdviseSetReadMostly,cudaMemAdviseSetPreferredLocationGPU,112,100.00,0.461021,1,0.461021,0.461021,0.461021
calculate_temp,64,Host,cudaMemAdviseSetReadMostly,cudaMemAdviseSetAccessedByGPU,113,100.00,0.393022,1,0.393022,0.393022,0.393022
calculate_temp,64,Host,cudaMemAdviseSetReadMostly,cudaMemAdviseSetPreferredLocationGPU,114,100.00,0.492285,1,0.492285,0.492285,0.492285
calculate_temp,64,Host,cudaMemAdviseSetReadMostly,cudaMemAdviseSetPreferredLocationCPU,115,100.00,0.460733,1,0.460733,0.460733,0.460733
calculate_temp,64,Host,cudaMemAdviseSetPreferredLocationGPU,none,120,100.00,0.425181,1,0.425181,0.425181,0.425181
calculate_temp,64,Host,cudaMemAdviseSetPreferredLocationGPU,cudaMemAdviseSetReadMostly,121,100.00,0.440574,1,0.440574,0.440574,0.440574
calculate_temp,64,Host,cudaMemAdviseSetPreferredLocationGPU,cudaMemAdviseSetPreferredLocationGPU,122,100.00,0.443518,1,0.443518,0.443518,0.443518
calculate_temp,64,Host,cudaMemAdviseSetPreferredLocationGPU,cudaMemAdviseSetAccessedByGPU,123,100.00,0.417246,1,0.417246,0.417246,0.417246
calculate_temp,64,Host,cudaMemAdviseSetPreferredLocationGPU,cudaMemAdviseSetPreferredLocationGPU,124,100.00,0.459133,1,0.459133,0.459133,0.459133
calculate_temp,64,Host,cudaMemAdviseSetPreferredLocationGPU,cudaMemAdviseSetPreferredLocationCPU,125,100.00,0.428478,1,0.428478,0.428478,0.428478
calculate_temp,64,Host,cudaMemAdviseSetAccessedByGPU,none,130,100.00,0.324446,1,0.324446,0.324446,0.324446
calculate_temp,64,Host,cudaMemAdviseSetAccessedByGPU,cudaMemAdviseSetReadMostly,131,100.00,0.347902,1,0.347902,0.347902,0.347902
calculate_temp,64,Host,cudaMemAdviseSetAccessedByGPU,cudaMemAdviseSetPreferredLocationGPU,132,100.00,0.385021,1,0.385021,0.385021,0.385021
calculate_temp,64,Host,cudaMemAdviseSetAccessedByGPU,cudaMemAdviseSetAccessedByGPU,133,100.00,0.018368,1,0.018368,0.018368,0.018368
calculate_temp,64,Host,cudaMemAdviseSetAccessedByGPU,cudaMemAdviseSetPreferredLocationGPU,134,100.00,0.180735,1,0.180735,0.180735,0.180735
calculate_temp,64,Host,cudaMemAdviseSetAccessedByGPU,cudaMemAdviseSetPreferredLocationCPU,135,100.00,0.365213,1,0.365213,0.365213,0.365213
calculate_temp,64,Host,cudaMemAdviseSetPreferredLocationGPU,none,140,100.00,0.454941,1,0.454941,0.454941,0.454941
calculate_temp,64,Host,cudaMemAdviseSetPreferredLocationGPU,cudaMemAdviseSetReadMostly,141,100.00,0.443037,1,0.443037,0.443037,0.443037
calculate_temp,64,Host,cudaMemAdviseSetPreferredLocationGPU,cudaMemAdviseSetPreferredLocationGPU,142,100.00,0.481693,1,0.481693,0.481693,0.481693
calculate_temp,64,Host,cudaMemAdviseSetPreferredLocationGPU,cudaMemAdviseSetAccessedByGPU,143,100.00,0.231903,1,0.231903,0.231903,0.231903
calculate_temp,64,Host,cudaMemAdviseSetPreferredLocationGPU,cudaMemAdviseSetPreferredLocationGPU,144,100.00,0.293822,1,0.293822,0.293822,0.293822
calculate_temp,64,Host,cudaMemAdviseSetPreferredLocationGPU,cudaMemAdviseSetPreferredLocationCPU,145,100.00,0.444509,1,0.444509,0.444509,0.444509
calculate_temp,64,Host,cudaMemAdviseSetPreferredLocationCPU,none,150,100.00,0.456893,1,0.456893,0.456893,0.456893
calculate_temp,64,Host,cudaMemAdviseSetPreferredLocationCPU,cudaMemAdviseSetReadMostly,151,100.00,0.465021,1,0.465021,0.465021,0.465021
calculate_temp,64,Host,cudaMemAdviseSetPreferredLocationCPU,cudaMemAdviseSetPreferredLocationGPU,152,100.00,0.423645,1,0.423645,0.423645,0.423645
calculate_temp,64,Host,cudaMemAdviseSetPreferredLocationCPU,cudaMemAdviseSetAccessedByGPU,153,100.00,0.387783,1,0.387783,0.387783,0.387783
calculate_temp,64,Host,cudaMemAdviseSetPreferredLocationCPU,cudaMemAdviseSetPreferredLocationGPU,154,100.00,0.455101,1,0.455101,0.455101,0.455101
calculate_temp,64,Host,cudaMemAdviseSetPreferredLocationCPU,cudaMemAdviseSetPreferredLocationCPU,155,100.00,0.490301,1,0.490301,0.490301,0.490301
calculate_temp,128,Global,none,none,000,100.00,0.630141,1,0.630141,0.630141,0.630141
calculate_temp,128,Global,none,cudaMemAdviseSetReadMostly,001,100.00,0.545789,1,0.545789,0.545789,0.545789
calculate_temp,128,Global,none,cudaMemAdviseSetPreferredLocationGPU,002,100.00,0.598973,1,0.598973,0.598973,0.598973
calculate_temp,128,Global,none,cudaMemAdviseSetAccessedByGPU,003,100.00,0.505053,1,0.505053,0.505053,0.505053
calculate_temp,128,Global,none,cudaMemAdviseSetPreferredLocationGPU,004,100.00,0.704252,1,0.704252,0.704252,0.704252
calculate_temp,128,Global,none,cudaMemAdviseSetPreferredLocationCPU,005,100.00,0.437757,1,0.437757,0.437757,0.437757
calculate_temp,128,Global,cudaMemAdviseSetReadMostly,none,010,100.00,0.696092,1,0.696092,0.696092,0.696092
calculate_temp,128,Global,cudaMemAdviseSetReadMostly,cudaMemAdviseSetReadMostly,011,100.00,0.683452,1,0.683452,0.683452,0.683452
calculate_temp,128,Global,cudaMemAdviseSetReadMostly,cudaMemAdviseSetPreferredLocationGPU,012,100.00,0.712124,1,0.712124,0.712124,0.712124
calculate_temp,128,Global,cudaMemAdviseSetReadMostly,cudaMemAdviseSetAccessedByGPU,013,100.00,0.668349,1,0.668349,0.668349,0.668349
calculate_temp,128,Global,cudaMemAdviseSetReadMostly,cudaMemAdviseSetPreferredLocationGPU,014,100.00,0.890108,1,0.890108,0.890108,0.890108
calculate_temp,128,Global,cudaMemAdviseSetReadMostly,cudaMemAdviseSetPreferredLocationCPU,015,100.00,0.788700,1,0.788700,0.788700,0.788700
calculate_temp,128,Global,cudaMemAdviseSetPreferredLocationGPU,none,020,100.00,0.490558,1,0.490558,0.490558,0.490558
calculate_temp,128,Global,cudaMemAdviseSetPreferredLocationGPU,cudaMemAdviseSetReadMostly,021,100.00,0.474941,1,0.474941,0.474941,0.474941
calculate_temp,128,Global,cudaMemAdviseSetPreferredLocationGPU,cudaMemAdviseSetPreferredLocationGPU,022,100.00,0.556349,1,0.556349,0.556349,0.556349
calculate_temp,128,Global,cudaMemAdviseSetPreferredLocationGPU,cudaMemAdviseSetAccessedByGPU,023,100.00,0.513213,1,0.513213,0.513213,0.513213
calculate_temp,128,Global,cudaMemAdviseSetPreferredLocationGPU,cudaMemAdviseSetPreferredLocationGPU,024,100.00,0.690140,1,0.690140,0.690140,0.690140
calculate_temp,128,Global,cudaMemAdviseSetPreferredLocationGPU,cudaMemAdviseSetPreferredLocationCPU,025,100.00,0.583773,1,0.583773,0.583773,0.583773
calculate_temp,128,Global,cudaMemAdviseSetAccessedByGPU,none,030,100.00,0.490525,1,0.490525,0.490525,0.490525
calculate_temp,128,Global,cudaMemAdviseSetAccessedByGPU,cudaMemAdviseSetReadMostly,031,100.00,0.459582,1,0.459582,0.459582,0.459582
calculate_temp,128,Global,cudaMemAdviseSetAccessedByGPU,cudaMemAdviseSetPreferredLocationGPU,032,100.00,0.540605,1,0.540605,0.540605,0.540605
calculate_temp,128,Global,cudaMemAdviseSetAccessedByGPU,cudaMemAdviseSetAccessedByGPU,033,100.00,0.371774,1,0.371774,0.371774,0.371774
calculate_temp,128,Global,cudaMemAdviseSetAccessedByGPU,cudaMemAdviseSetPreferredLocationGPU,034,100.00,0.527870,1,0.527870,0.527870,0.527870
calculate_temp,128,Global,cudaMemAdviseSetAccessedByGPU,cudaMemAdviseSetPreferredLocationCPU,035,100.00,0.532734,1,0.532734,0.532734,0.532734
calculate_temp,128,Global,cudaMemAdviseSetPreferredLocationGPU,none,040,100.00,0.627644,1,0.627644,0.627644,0.627644
calculate_temp,128,Global,cudaMemAdviseSetPreferredLocationGPU,cudaMemAdviseSetReadMostly,041,100.00,0.686749,1,0.686749,0.686749,0.686749
calculate_temp,128,Global,cudaMemAdviseSetPreferredLocationGPU,cudaMemAdviseSetPreferredLocationGPU,042,100.00,0.636700,1,0.636700,0.636700,0.636700
calculate_temp,128,Global,cudaMemAdviseSetPreferredLocationGPU,cudaMemAdviseSetAccessedByGPU,043,100.00,0.418974,1,0.418974,0.418974,0.418974
calculate_temp,128,Global,cudaMemAdviseSetPreferredLocationGPU,cudaMemAdviseSetPreferredLocationGPU,044,100.00,0.529117,1,0.529117,0.529117,0.529117
calculate_temp,128,Global,cudaMemAdviseSetPreferredLocationGPU,cudaMemAdviseSetPreferredLocationCPU,045,100.00,0.648988,1,0.648988,0.648988,0.648988
calculate_temp,128,Global,cudaMemAdviseSetPreferredLocationCPU,none,050,100.00,0.503071,1,0.503071,0.503071,0.503071
calculate_temp,128,Global,cudaMemAdviseSetPreferredLocationCPU,cudaMemAdviseSetReadMostly,051,100.00,0.582877,1,0.582877,0.582877,0.582877
calculate_temp,128,Global,cudaMemAdviseSetPreferredLocationCPU,cudaMemAdviseSetPreferredLocationGPU,052,100.00,0.503741,1,0.503741,0.503741,0.503741
calculate_temp,128,Global,cudaMemAdviseSetPreferredLocationCPU,cudaMemAdviseSetAccessedByGPU,053,100.00,0.538109,1,0.538109,0.538109,0.538109
calculate_temp,128,Global,cudaMemAdviseSetPreferredLocationCPU,cudaMemAdviseSetPreferredLocationGPU,054,100.00,0.695804,1,0.695804,0.695804,0.695804
calculate_temp,128,Global,cudaMemAdviseSetPreferredLocationCPU,cudaMemAdviseSetPreferredLocationCPU,055,100.00,0.494334,1,0.494334,0.494334,0.494334
calculate_temp,128,Host,none,none,100,100.00,0.550204,1,0.550204,0.550204,0.550204
calculate_temp,128,Host,none,cudaMemAdviseSetReadMostly,101,100.00,0.557693,1,0.557693,0.557693,0.557693
calculate_temp,128,Host,none,cudaMemAdviseSetPreferredLocationGPU,102,100.00,0.594973,1,0.594973,0.594973,0.594973
calculate_temp,128,Host,none,cudaMemAdviseSetAccessedByGPU,103,100.00,0.484637,1,0.484637,0.484637,0.484637
calculate_temp,128,Host,none,cudaMemAdviseSetPreferredLocationGPU,104,100.00,0.729276,1,0.729276,0.729276,0.729276
calculate_temp,128,Host,none,cudaMemAdviseSetPreferredLocationCPU,105,100.00,0.566429,1,0.566429,0.566429,0.566429
calculate_temp,128,Host,cudaMemAdviseSetReadMostly,none,110,100.00,0.788315,1,0.788315,0.788315,0.788315
calculate_temp,128,Host,cudaMemAdviseSetReadMostly,cudaMemAdviseSetReadMostly,111,100.00,0.676476,1,0.676476,0.676476,0.676476
calculate_temp,128,Host,cudaMemAdviseSetReadMostly,cudaMemAdviseSetPreferredLocationGPU,112,100.00,0.693820,1,0.693820,0.693820,0.693820
calculate_temp,128,Host,cudaMemAdviseSetReadMostly,cudaMemAdviseSetAccessedByGPU,113,100.00,0.616414,1,0.616414,0.616414,0.616414
calculate_temp,128,Host,cudaMemAdviseSetReadMostly,cudaMemAdviseSetPreferredLocationGPU,114,100.00,0.893147,1,0.893147,0.893147,0.893147
calculate_temp,128,Host,cudaMemAdviseSetReadMostly,cudaMemAdviseSetPreferredLocationCPU,115,100.00,0.686364,1,0.686364,0.686364,0.686364
calculate_temp,128,Host,cudaMemAdviseSetPreferredLocationGPU,none,120,100.00,0.446911,1,0.446911,0.446911,0.446911
calculate_temp,128,Host,cudaMemAdviseSetPreferredLocationGPU,cudaMemAdviseSetReadMostly,121,100.00,0.580253,1,0.580253,0.580253,0.580253
calculate_temp,128,Host,cudaMemAdviseSetPreferredLocationGPU,cudaMemAdviseSetPreferredLocationGPU,122,100.00,0.507453,1,0.507453,0.507453,0.507453
calculate_temp,128,Host,cudaMemAdviseSetPreferredLocationGPU,cudaMemAdviseSetAccessedByGPU,123,100.00,0.528029,1,0.528029,0.528029,0.528029
calculate_temp,128,Host,cudaMemAdviseSetPreferredLocationGPU,cudaMemAdviseSetPreferredLocationGPU,124,100.00,0.657404,1,0.657404,0.657404,0.657404
calculate_temp,128,Host,cudaMemAdviseSetPreferredLocationGPU,cudaMemAdviseSetPreferredLocationCPU,125,100.00,0.466557,1,0.466557,0.466557,0.466557
calculate_temp,128,Host,cudaMemAdviseSetAccessedByGPU,none,130,100.00,0.488317,1,0.488317,0.488317,0.488317
calculate_temp,128,Host,cudaMemAdviseSetAccessedByGPU,cudaMemAdviseSetReadMostly,131,100.00,0.554492,1,0.554492,0.554492,0.554492
calculate_temp,128,Host,cudaMemAdviseSetAccessedByGPU,cudaMemAdviseSetPreferredLocationGPU,132,100.00,0.461309,1,0.461309,0.461309,0.461309
calculate_temp,128,Host,cudaMemAdviseSetAccessedByGPU,cudaMemAdviseSetAccessedByGPU,133,100.00,0.361246,1,0.361246,0.361246,0.361246
calculate_temp,128,Host,cudaMemAdviseSetAccessedByGPU,cudaMemAdviseSetPreferredLocationGPU,134,100.00,0.572668,1,0.572668,0.572668,0.572668
calculate_temp,128,Host,cudaMemAdviseSetAccessedByGPU,cudaMemAdviseSetPreferredLocationCPU,135,100.00,0.551805,1,0.551805,0.551805,0.551805
calculate_temp,128,Host,cudaMemAdviseSetPreferredLocationGPU,none,140,100.00,0.692571,1,0.692571,0.692571,0.692571
calculate_temp,128,Host,cudaMemAdviseSetPreferredLocationGPU,cudaMemAdviseSetReadMostly,141,100.00,0.611772,1,0.611772,0.611772,0.611772
calculate_temp,128,Host,cudaMemAdviseSetPreferredLocationGPU,cudaMemAdviseSetPreferredLocationGPU,142,100.00,0.665851,1,0.665851,0.665851,0.665851
calculate_temp,128,Host,cudaMemAdviseSetPreferredLocationGPU,cudaMemAdviseSetAccessedByGPU,143,100.00,0.409342,1,0.409342,0.409342,0.409342
calculate_temp,128,Host,cudaMemAdviseSetPreferredLocationGPU,cudaMemAdviseSetPreferredLocationGPU,144,100.00,0.538620,1,0.538620,0.538620,0.538620
calculate_temp,128,Host,cudaMemAdviseSetPreferredLocationGPU,cudaMemAdviseSetPreferredLocationCPU,145,100.00,0.695644,1,0.695644,0.695644,0.695644
calculate_temp,128,Host,cudaMemAdviseSetPreferredLocationCPU,none,150,100.00,0.532573,1,0.532573,0.532573,0.532573
calculate_temp,128,Host,cudaMemAdviseSetPreferredLocationCPU,cudaMemAdviseSetReadMostly,151,100.00,0.614587,1,0.614587,0.614587,0.614587
calculate_temp,128,Host,cudaMemAdviseSetPreferredLocationCPU,cudaMemAdviseSetPreferredLocationGPU,152,100.00,0.441565,1,0.441565,0.441565,0.441565
calculate_temp,128,Host,cudaMemAdviseSetPreferredLocationCPU,cudaMemAdviseSetAccessedByGPU,153,100.00,0.487805,1,0.487805,0.487805,0.487805
calculate_temp,128,Host,cudaMemAdviseSetPreferredLocationCPU,cudaMemAdviseSetPreferredLocationGPU,154,100.00,0.653403,1,0.653403,0.653403,0.653403
calculate_temp,128,Host,cudaMemAdviseSetPreferredLocationCPU,cudaMemAdviseSetPreferredLocationCPU,155,100.00,0.550236,1,0.550236,0.550236,0.550236
calculate_temp,256,Global,none,none,000,100.00,0.862458,1,0.862458,0.862458,0.862458
calculate_temp,256,Global,none,cudaMemAdviseSetReadMostly,001,100.00,0.855642,1,0.855642,0.855642,0.855642
calculate_temp,256,Global,none,cudaMemAdviseSetPreferredLocationGPU,002,100.00,1.025048,1,1.025048,1.025048,1.025048
calculate_temp,256,Global,none,cudaMemAdviseSetAccessedByGPU,003,100.00,0.713979,1,0.713979,0.713979,0.713979
calculate_temp,256,Global,none,cudaMemAdviseSetPreferredLocationGPU,004,100.00,1.147256,1,1.147256,1.147256,1.147256
calculate_temp,256,Global,none,cudaMemAdviseSetPreferredLocationCPU,005,100.00,0.969081,1,0.969081,0.969081,0.969081
calculate_temp,256,Global,cudaMemAdviseSetReadMostly,none,010,100.00,1.925875,1,1.925875,1.925875,1.925875
calculate_temp,256,Global,cudaMemAdviseSetReadMostly,cudaMemAdviseSetReadMostly,011,100.00,2.284816,1,2.284816,2.284816,2.284816
calculate_temp,256,Global,cudaMemAdviseSetReadMostly,cudaMemAdviseSetPreferredLocationGPU,012,100.00,2.178865,1,2.178865,2.178865,2.178865
calculate_temp,256,Global,cudaMemAdviseSetReadMostly,cudaMemAdviseSetAccessedByGPU,013,100.00,1.970322,1,1.970322,1.970322,1.970322
calculate_temp,256,Global,cudaMemAdviseSetReadMostly,cudaMemAdviseSetPreferredLocationGPU,014,100.00,2.631245,1,2.631245,2.631245,2.631245
calculate_temp,256,Global,cudaMemAdviseSetReadMostly,cudaMemAdviseSetPreferredLocationCPU,015,100.00,2.004818,1,2.004818,2.004818,2.004818
calculate_temp,256,Global,cudaMemAdviseSetPreferredLocationGPU,none,020,100.00,0.733403,1,0.733403,0.733403,0.733403
calculate_temp,256,Global,cudaMemAdviseSetPreferredLocationGPU,cudaMemAdviseSetReadMostly,021,100.00,0.804892,1,0.804892,0.804892,0.804892
calculate_temp,256,Global,cudaMemAdviseSetPreferredLocationGPU,cudaMemAdviseSetPreferredLocationGPU,022,100.00,0.800859,1,0.800859,0.800859,0.800859
calculate_temp,256,Global,cudaMemAdviseSetPreferredLocationGPU,cudaMemAdviseSetAccessedByGPU,023,100.00,0.643484,1,0.643484,0.643484,0.643484
calculate_temp,256,Global,cudaMemAdviseSetPreferredLocationGPU,cudaMemAdviseSetPreferredLocationGPU,024,100.00,1.209208,1,1.209208,1.209208,1.209208
calculate_temp,256,Global,cudaMemAdviseSetPreferredLocationGPU,cudaMemAdviseSetPreferredLocationCPU,025,100.00,0.744987,1,0.744987,0.744987,0.744987
calculate_temp,256,Global,cudaMemAdviseSetAccessedByGPU,none,030,100.00,0.838746,1,0.838746,0.838746,0.838746
calculate_temp,256,Global,cudaMemAdviseSetAccessedByGPU,cudaMemAdviseSetReadMostly,031,100.00,0.799547,1,0.799547,0.799547,0.799547
calculate_temp,256,Global,cudaMemAdviseSetAccessedByGPU,cudaMemAdviseSetPreferredLocationGPU,032,100.00,0.684348,1,0.684348,0.684348,0.684348
calculate_temp,256,Global,cudaMemAdviseSetAccessedByGPU,cudaMemAdviseSetAccessedByGPU,033,100.00,0.509853,1,0.509853,0.509853,0.509853
calculate_temp,256,Global,cudaMemAdviseSetAccessedByGPU,cudaMemAdviseSetPreferredLocationGPU,034,100.00,1.021818,1,1.021818,1.021818,1.021818
calculate_temp,256,Global,cudaMemAdviseSetAccessedByGPU,cudaMemAdviseSetPreferredLocationCPU,035,100.00,0.750523,1,0.750523,0.750523,0.750523
calculate_temp,256,Global,cudaMemAdviseSetPreferredLocationGPU,none,040,100.00,1.189817,1,1.189817,1.189817,1.189817
calculate_temp,256,Global,cudaMemAdviseSetPreferredLocationGPU,cudaMemAdviseSetReadMostly,041,100.00,1.124153,1,1.124153,1.124153,1.124153
calculate_temp,256,Global,cudaMemAdviseSetPreferredLocationGPU,cudaMemAdviseSetPreferredLocationGPU,042,100.00,1.140857,1,1.140857,1.140857,1.140857
calculate_temp,256,Global,cudaMemAdviseSetPreferredLocationGPU,cudaMemAdviseSetAccessedByGPU,043,100.00,0.911003,1,0.911003,0.911003,0.911003
calculate_temp,256,Global,cudaMemAdviseSetPreferredLocationGPU,cudaMemAdviseSetPreferredLocationGPU,044,100.00,1.207480,1,1.207480,1.207480,1.207480
calculate_temp,256,Global,cudaMemAdviseSetPreferredLocationGPU,cudaMemAdviseSetPreferredLocationCPU,045,100.00,1.204857,1,1.204857,1.204857,1.204857
calculate_temp,256,Global,cudaMemAdviseSetPreferredLocationCPU,none,050,100.00,0.966459,1,0.966459,0.966459,0.966459
calculate_temp,256,Global,cudaMemAdviseSetPreferredLocationCPU,cudaMemAdviseSetReadMostly,051,100.00,0.794556,1,0.794556,0.794556,0.794556
calculate_temp,256,Global,cudaMemAdviseSetPreferredLocationCPU,cudaMemAdviseSetPreferredLocationGPU,052,100.00,0.866971,1,0.866971,0.866971,0.866971
calculate_temp,256,Global,cudaMemAdviseSetPreferredLocationCPU,cudaMemAdviseSetAccessedByGPU,053,100.00,0.715163,1,0.715163,0.715163,0.715163
calculate_temp,256,Global,cudaMemAdviseSetPreferredLocationCPU,cudaMemAdviseSetPreferredLocationGPU,054,100.00,1.204025,1,1.204025,1.204025,1.204025
calculate_temp,256,Global,cudaMemAdviseSetPreferredLocationCPU,cudaMemAdviseSetPreferredLocationCPU,055,100.00,1.045913,1,1.045913,1.045913,1.045913
calculate_temp,256,Host,none,none,100,100.00,0.775323,1,0.775323,0.775323,0.775323
calculate_temp,256,Host,none,cudaMemAdviseSetReadMostly,101,100.00,0.858075,1,0.858075,0.858075,0.858075
calculate_temp,256,Host,none,cudaMemAdviseSetPreferredLocationGPU,102,100.00,0.817467,1,0.817467,0.817467,0.817467
calculate_temp,256,Host,none,cudaMemAdviseSetAccessedByGPU,103,100.00,0.772635,1,0.772635,0.772635,0.772635
calculate_temp,256,Host,none,cudaMemAdviseSetPreferredLocationGPU,104,100.00,1.152281,1,1.152281,1.152281,1.152281
calculate_temp,256,Host,none,cudaMemAdviseSetPreferredLocationCPU,105,100.00,0.869211,1,0.869211,0.869211,0.869211
calculate_temp,256,Host,cudaMemAdviseSetReadMostly,none,110,100.00,2.058963,1,2.058963,2.058963,2.058963
calculate_temp,256,Host,cudaMemAdviseSetReadMostly,cudaMemAdviseSetReadMostly,111,100.00,2.562929,1,2.562929,2.562929,2.562929
calculate_temp,256,Host,cudaMemAdviseSetReadMostly,cudaMemAdviseSetPreferredLocationGPU,112,100.00,1.991508,1,1.991508,1.991508,1.991508
calculate_temp,256,Host,cudaMemAdviseSetReadMostly,cudaMemAdviseSetAccessedByGPU,113,100.00,2.177747,1,2.177747,2.177747,2.177747
calculate_temp,256,Host,cudaMemAdviseSetReadMostly,cudaMemAdviseSetPreferredLocationGPU,114,100.00,2.292979,1,2.292979,2.292979,2.292979
calculate_temp,256,Host,cudaMemAdviseSetReadMostly,cudaMemAdviseSetPreferredLocationCPU,115,100.00,2.264435,1,2.264435,2.264435,2.264435
calculate_temp,256,Host,cudaMemAdviseSetPreferredLocationGPU,none,120,100.00,0.797755,1,0.797755,0.797755,0.797755
calculate_temp,256,Host,cudaMemAdviseSetPreferredLocationGPU,cudaMemAdviseSetReadMostly,121,100.00,0.709723,1,0.709723,0.709723,0.709723
calculate_temp,256,Host,cudaMemAdviseSetPreferredLocationGPU,cudaMemAdviseSetPreferredLocationGPU,122,100.00,0.731227,1,0.731227,0.731227,0.731227
calculate_temp,256,Host,cudaMemAdviseSetPreferredLocationGPU,cudaMemAdviseSetAccessedByGPU,123,100.00,0.661052,1,0.661052,0.661052,0.661052
calculate_temp,256,Host,cudaMemAdviseSetPreferredLocationGPU,cudaMemAdviseSetPreferredLocationGPU,124,100.00,1.319930,1,1.319930,1.319930,1.319930
calculate_temp,256,Host,cudaMemAdviseSetPreferredLocationGPU,cudaMemAdviseSetPreferredLocationCPU,125,100.00,0.793723,1,0.793723,0.793723,0.793723
calculate_temp,256,Host,cudaMemAdviseSetAccessedByGPU,none,130,100.00,0.808891,1,0.808891,0.808891,0.808891
calculate_temp,256,Host,cudaMemAdviseSetAccessedByGPU,cudaMemAdviseSetReadMostly,131,100.00,0.756410,1,0.756410,0.756410,0.756410
calculate_temp,256,Host,cudaMemAdviseSetAccessedByGPU,cudaMemAdviseSetPreferredLocationGPU,132,100.00,0.676284,1,0.676284,0.676284,0.676284
calculate_temp,256,Host,cudaMemAdviseSetAccessedByGPU,cudaMemAdviseSetAccessedByGPU,133,100.00,0.538076,1,0.538076,0.538076,0.538076
calculate_temp,256,Host,cudaMemAdviseSetAccessedByGPU,cudaMemAdviseSetPreferredLocationGPU,134,100.00,0.967033,1,0.967033,0.967033,0.967033
calculate_temp,256,Host,cudaMemAdviseSetAccessedByGPU,cudaMemAdviseSetPreferredLocationCPU,135,100.00,0.674044,1,0.674044,0.674044,0.674044
calculate_temp,256,Host,cudaMemAdviseSetPreferredLocationGPU,none,140,100.00,1.249047,1,1.249047,1.249047,1.249047
calculate_temp,256,Host,cudaMemAdviseSetPreferredLocationGPU,cudaMemAdviseSetReadMostly,141,100.00,1.147255,1,1.147255,1.147255,1.147255
calculate_temp,256,Host,cudaMemAdviseSetPreferredLocationGPU,cudaMemAdviseSetPreferredLocationGPU,142,100.00,1.219093,1,1.219093,1.219093,1.219093
calculate_temp,256,Host,cudaMemAdviseSetPreferredLocationGPU,cudaMemAdviseSetAccessedByGPU,143,100.00,0.913881,1,0.913881,0.913881,0.913881
calculate_temp,256,Host,cudaMemAdviseSetPreferredLocationGPU,cudaMemAdviseSetPreferredLocationGPU,144,100.00,1.221495,1,1.221495,1.221495,1.221495
calculate_temp,256,Host,cudaMemAdviseSetPreferredLocationGPU,cudaMemAdviseSetPreferredLocationCPU,145,100.00,1.221399,1,1.221399,1.221399,1.221399
calculate_temp,256,Host,cudaMemAdviseSetPreferredLocationCPU,none,150,100.00,0.877529,1,0.877529,0.877529,0.877529
calculate_temp,256,Host,cudaMemAdviseSetPreferredLocationCPU,cudaMemAdviseSetReadMostly,151,100.00,0.997241,1,0.997241,0.997241,0.997241
calculate_temp,256,Host,cudaMemAdviseSetPreferredLocationCPU,cudaMemAdviseSetPreferredLocationGPU,152,100.00,0.796154,1,0.796154,0.796154,0.796154
calculate_temp,256,Host,cudaMemAdviseSetPreferredLocationCPU,cudaMemAdviseSetAccessedByGPU,153,100.00,0.810906,1,0.810906,0.810906,0.810906
calculate_temp,256,Host,cudaMemAdviseSetPreferredLocationCPU,cudaMemAdviseSetPreferredLocationGPU,154,100.00,1.183543,1,1.183543,1.183543,1.183543
calculate_temp,256,Host,cudaMemAdviseSetPreferredLocationCPU,cudaMemAdviseSetPreferredLocationCPU,155,100.00,0.856922,1,0.856922,0.856922,0.856922
calculate_temp,512,Global,none,none,000,100.00,1.680213,1,1.680213,1.680213,1.680213
calculate_temp,512,Global,none,cudaMemAdviseSetReadMostly,001,100.00,1.656533,1,1.656533,1.656533,1.656533
calculate_temp,512,Global,none,cudaMemAdviseSetPreferredLocationGPU,002,100.00,1.661621,1,1.661621,1.661621,1.661621
calculate_temp,512,Global,none,cudaMemAdviseSetAccessedByGPU,003,100.00,1.266711,1,1.266711,1.266711,1.266711
calculate_temp,512,Global,none,cudaMemAdviseSetPreferredLocationGPU,004,100.00,2.895245,1,2.895245,2.895245,2.895245
calculate_temp,512,Global,none,cudaMemAdviseSetPreferredLocationCPU,005,100.00,1.663382,1,1.663382,1.663382,1.663382
calculate_temp,512,Global,cudaMemAdviseSetReadMostly,none,010,100.00,8.957638,1,8.957638,8.957638,8.957638
calculate_temp,512,Global,cudaMemAdviseSetReadMostly,cudaMemAdviseSetReadMostly,011,100.00,8.308746,1,8.308746,8.308746,8.308746
calculate_temp,512,Global,cudaMemAdviseSetReadMostly,cudaMemAdviseSetPreferredLocationGPU,012,100.00,8.654696,1,8.654696,8.654696,8.654696
calculate_temp,512,Global,cudaMemAdviseSetReadMostly,cudaMemAdviseSetAccessedByGPU,013,100.00,9.039428,1,9.039428,9.039428,9.039428
calculate_temp,512,Global,cudaMemAdviseSetReadMostly,cudaMemAdviseSetPreferredLocationGPU,014,100.00,10.03494,1,10.03494,10.03494,10.03494
calculate_temp,512,Global,cudaMemAdviseSetReadMostly,cudaMemAdviseSetPreferredLocationCPU,015,100.00,9.339972,1,9.339972,9.339972,9.339972
calculate_temp,512,Global,cudaMemAdviseSetPreferredLocationGPU,none,020,100.00,1.377527,1,1.377527,1.377527,1.377527
calculate_temp,512,Global,cudaMemAdviseSetPreferredLocationGPU,cudaMemAdviseSetReadMostly,021,100.00,1.292568,1,1.292568,1.292568,1.292568
calculate_temp,512,Global,cudaMemAdviseSetPreferredLocationGPU,cudaMemAdviseSetPreferredLocationGPU,022,100.00,1.391383,1,1.391383,1.391383,1.391383
calculate_temp,512,Global,cudaMemAdviseSetPreferredLocationGPU,cudaMemAdviseSetAccessedByGPU,023,100.00,1.154008,1,1.154008,1.154008,1.154008
calculate_temp,512,Global,cudaMemAdviseSetPreferredLocationGPU,cudaMemAdviseSetPreferredLocationGPU,024,100.00,2.854027,1,2.854027,2.854027,2.854027
calculate_temp,512,Global,cudaMemAdviseSetPreferredLocationGPU,cudaMemAdviseSetPreferredLocationCPU,025,100.00,1.448917,1,1.448917,1.448917,1.448917
calculate_temp,512,Global,cudaMemAdviseSetAccessedByGPU,none,030,100.00,1.581044,1,1.581044,1.581044,1.581044
calculate_temp,512,Global,cudaMemAdviseSetAccessedByGPU,cudaMemAdviseSetReadMostly,031,100.00,1.505109,1,1.505109,1.505109,1.505109
calculate_temp,512,Global,cudaMemAdviseSetAccessedByGPU,cudaMemAdviseSetPreferredLocationGPU,032,100.00,1.532500,1,1.532500,1.532500,1.532500
calculate_temp,512,Global,cudaMemAdviseSetAccessedByGPU,cudaMemAdviseSetAccessedByGPU,033,100.00,1.092951,1,1.092951,1.092951,1.092951
calculate_temp,512,Global,cudaMemAdviseSetAccessedByGPU,cudaMemAdviseSetPreferredLocationGPU,034,100.00,2.745579,1,2.745579,2.745579,2.745579
calculate_temp,512,Global,cudaMemAdviseSetAccessedByGPU,cudaMemAdviseSetPreferredLocationCPU,035,100.00,1.495509,1,1.495509,1.495509,1.495509
calculate_temp,512,Global,cudaMemAdviseSetPreferredLocationGPU,none,040,100.00,3.384743,1,3.384743,3.384743,3.384743
calculate_temp,512,Global,cudaMemAdviseSetPreferredLocationGPU,cudaMemAdviseSetReadMostly,041,100.00,3.379462,1,3.379462,3.379462,3.379462
calculate_temp,512,Global,cudaMemAdviseSetPreferredLocationGPU,cudaMemAdviseSetPreferredLocationGPU,042,100.00,3.179752,1,3.179752,3.179752,3.179752
calculate_temp,512,Global,cudaMemAdviseSetPreferredLocationGPU,cudaMemAdviseSetAccessedByGPU,043,100.00,2.881035,1,2.881035,2.881035,2.881035
calculate_temp,512,Global,cudaMemAdviseSetPreferredLocationGPU,cudaMemAdviseSetPreferredLocationGPU,044,100.00,3.930243,1,3.930243,3.930243,3.930243
calculate_temp,512,Global,cudaMemAdviseSetPreferredLocationGPU,cudaMemAdviseSetPreferredLocationCPU,045,100.00,3.169225,1,3.169225,3.169225,3.169225
calculate_temp,512,Global,cudaMemAdviseSetPreferredLocationCPU,none,050,100.00,1.341463,1,1.341463,1.341463,1.341463
calculate_temp,512,Global,cudaMemAdviseSetPreferredLocationCPU,cudaMemAdviseSetReadMostly,051,100.00,1.541428,1,1.541428,1.541428,1.541428
calculate_temp,512,Global,cudaMemAdviseSetPreferredLocationCPU,cudaMemAdviseSetPreferredLocationGPU,052,100.00,1.443765,1,1.443765,1.443765,1.443765
calculate_temp,512,Global,cudaMemAdviseSetPreferredLocationCPU,cudaMemAdviseSetAccessedByGPU,053,100.00,1.416853,1,1.416853,1.416853,1.416853
calculate_temp,512,Global,cudaMemAdviseSetPreferredLocationCPU,cudaMemAdviseSetPreferredLocationGPU,054,100.00,2.746570,1,2.746570,2.746570,2.746570
calculate_temp,512,Global,cudaMemAdviseSetPreferredLocationCPU,cudaMemAdviseSetPreferredLocationCPU,055,100.00,1.407125,1,1.407125,1.407125,1.407125
calculate_temp,512,Host,none,none,100,100.00,1.525237,1,1.525237,1.525237,1.525237
calculate_temp,512,Host,none,cudaMemAdviseSetReadMostly,101,100.00,1.315862,1,1.315862,1.315862,1.315862
calculate_temp,512,Host,none,cudaMemAdviseSetPreferredLocationGPU,102,100.00,1.252118,1,1.252118,1.252118,1.252118
calculate_temp,512,Host,none,cudaMemAdviseSetAccessedByGPU,103,100.00,1.374901,1,1.374901,1.374901,1.374901
calculate_temp,512,Host,none,cudaMemAdviseSetPreferredLocationGPU,104,100.00,2.779947,1,2.779947,2.779947,2.779947
calculate_temp,512,Host,none,cudaMemAdviseSetPreferredLocationCPU,105,100.00,1.470579,1,1.470579,1.470579,1.470579
calculate_temp,512,Host,cudaMemAdviseSetReadMostly,none,110,100.00,8.067960,1,8.067960,8.067960,8.067960
calculate_temp,512,Host,cudaMemAdviseSetReadMostly,cudaMemAdviseSetReadMostly,111,100.00,8.245560,1,8.245560,8.245560,8.245560
calculate_temp,512,Host,cudaMemAdviseSetReadMostly,cudaMemAdviseSetPreferredLocationGPU,112,100.00,8.274937,1,8.274937,8.274937,8.274937
calculate_temp,512,Host,cudaMemAdviseSetReadMostly,cudaMemAdviseSetAccessedByGPU,113,100.00,8.619639,1,8.619639,8.619639,8.619639
calculate_temp,512,Host,cudaMemAdviseSetReadMostly,cudaMemAdviseSetPreferredLocationGPU,114,100.00,10.01105,1,10.01105,10.01105,10.01105
calculate_temp,512,Host,cudaMemAdviseSetReadMostly,cudaMemAdviseSetPreferredLocationCPU,115,100.00,8.901620,1,8.901620,8.901620,8.901620
calculate_temp,512,Host,cudaMemAdviseSetPreferredLocationGPU,none,120,100.00,1.299509,1,1.299509,1.299509,1.299509
calculate_temp,512,Host,cudaMemAdviseSetPreferredLocationGPU,cudaMemAdviseSetReadMostly,121,100.00,1.398581,1,1.398581,1.398581,1.398581
calculate_temp,512,Host,cudaMemAdviseSetPreferredLocationGPU,cudaMemAdviseSetPreferredLocationGPU,122,100.00,1.405588,1,1.405588,1.405588,1.405588
calculate_temp,512,Host,cudaMemAdviseSetPreferredLocationGPU,cudaMemAdviseSetAccessedByGPU,123,100.00,1.108630,1,1.108630,1.108630,1.108630
calculate_temp,512,Host,cudaMemAdviseSetPreferredLocationGPU,cudaMemAdviseSetPreferredLocationGPU,124,100.00,2.867784,1,2.867784,2.867784,2.867784
calculate_temp,512,Host,cudaMemAdviseSetPreferredLocationGPU,cudaMemAdviseSetPreferredLocationCPU,125,100.00,1.299541,1,1.299541,1.299541,1.299541
calculate_temp,512,Host,cudaMemAdviseSetAccessedByGPU,none,130,100.00,1.610866,1,1.610866,1.610866,1.610866
calculate_temp,512,Host,cudaMemAdviseSetAccessedByGPU,cudaMemAdviseSetReadMostly,131,100.00,1.521876,1,1.521876,1.521876,1.521876
calculate_temp,512,Host,cudaMemAdviseSetAccessedByGPU,cudaMemAdviseSetPreferredLocationGPU,132,100.00,1.520244,1,1.520244,1.520244,1.520244
calculate_temp,512,Host,cudaMemAdviseSetAccessedByGPU,cudaMemAdviseSetAccessedByGPU,133,100.00,1.233846,1,1.233846,1.233846,1.233846
calculate_temp,512,Host,cudaMemAdviseSetAccessedByGPU,cudaMemAdviseSetPreferredLocationGPU,134,100.00,2.528270,1,2.528270,2.528270,2.528270
calculate_temp,512,Host,cudaMemAdviseSetAccessedByGPU,cudaMemAdviseSetPreferredLocationCPU,135,100.00,1.466709,1,1.466709,1.466709,1.466709
calculate_temp,512,Host,cudaMemAdviseSetPreferredLocationGPU,none,140,100.00,3.433672,1,3.433672,3.433672,3.433672
calculate_temp,512,Host,cudaMemAdviseSetPreferredLocationGPU,cudaMemAdviseSetReadMostly,141,100.00,3.420873,1,3.420873,3.420873,3.420873
calculate_temp,512,Host,cudaMemAdviseSetPreferredLocationGPU,cudaMemAdviseSetPreferredLocationGPU,142,100.00,3.391465,1,3.391465,3.391465,3.391465
calculate_temp,512,Host,cudaMemAdviseSetPreferredLocationGPU,cudaMemAdviseSetAccessedByGPU,143,100.00,2.632718,1,2.632718,2.632718,2.632718
calculate_temp,512,Host,cudaMemAdviseSetPreferredLocationGPU,cudaMemAdviseSetPreferredLocationGPU,144,100.00,4.146947,1,4.146947,4.146947,4.146947
calculate_temp,512,Host,cudaMemAdviseSetPreferredLocationGPU,cudaMemAdviseSetPreferredLocationCPU,145,100.00,3.066251,1,3.066251,3.066251,3.066251
calculate_temp,512,Host,cudaMemAdviseSetPreferredLocationCPU,none,150,100.00,1.595318,1,1.595318,1.595318,1.595318
calculate_temp,512,Host,cudaMemAdviseSetPreferredLocationCPU,cudaMemAdviseSetReadMostly,151,100.00,1.435126,1,1.435126,1.435126,1.435126
calculate_temp,512,Host,cudaMemAdviseSetPreferredLocationCPU,cudaMemAdviseSetPreferredLocationGPU,152,100.00,1.575798,1,1.575798,1.575798,1.575798
calculate_temp,512,Host,cudaMemAdviseSetPreferredLocationCPU,cudaMemAdviseSetAccessedByGPU,153,100.00,1.377303,1,1.377303,1.377303,1.377303
calculate_temp,512,Host,cudaMemAdviseSetPreferredLocationCPU,cudaMemAdviseSetPreferredLocationGPU,154,100.00,2.959276,1,2.959276,2.959276,2.959276
calculate_temp,512,Host,cudaMemAdviseSetPreferredLocationCPU,cudaMemAdviseSetPreferredLocationCPU,155,100.00,1.450325,1,1.450325,1.450325,1.450325
calculate_temp,1024,Global,none,none,000,100.00,4.517760,1,4.517760,4.517760,4.517760
calculate_temp,1024,Global,none,cudaMemAdviseSetReadMostly,001,100.00,3.880453,1,3.880453,3.880453,3.880453
calculate_temp,1024,Global,none,cudaMemAdviseSetPreferredLocationGPU,002,100.00,3.962428,1,3.962428,3.962428,3.962428
calculate_temp,1024,Global,none,cudaMemAdviseSetAccessedByGPU,003,100.00,4.037115,1,4.037115,4.037115,4.037115
calculate_temp,1024,Global,none,cudaMemAdviseSetPreferredLocationGPU,004,100.00,10.65379,1,10.65379,10.65379,10.65379
calculate_temp,1024,Global,none,cudaMemAdviseSetPreferredLocationCPU,005,100.00,3.864605,1,3.864605,3.864605,3.864605
calculate_temp,1024,Global,cudaMemAdviseSetReadMostly,none,010,100.00,40.05928,1,40.05928,40.05928,40.05928
calculate_temp,1024,Global,cudaMemAdviseSetReadMostly,cudaMemAdviseSetReadMostly,011,100.00,40.17151,1,40.17151,40.17151,40.17151
calculate_temp,1024,Global,cudaMemAdviseSetReadMostly,cudaMemAdviseSetPreferredLocationGPU,012,100.00,41.28172,1,41.28172,41.28172,41.28172
calculate_temp,1024,Global,cudaMemAdviseSetReadMostly,cudaMemAdviseSetAccessedByGPU,013,100.00,39.56813,1,39.56813,39.56813,39.56813
calculate_temp,1024,Global,cudaMemAdviseSetReadMostly,cudaMemAdviseSetPreferredLocationGPU,014,100.00,43.52359,1,43.52359,43.52359,43.52359
calculate_temp,1024,Global,cudaMemAdviseSetReadMostly,cudaMemAdviseSetPreferredLocationCPU,015,100.00,41.35016,1,41.35016,41.35016,41.35016
calculate_temp,1024,Global,cudaMemAdviseSetPreferredLocationGPU,none,020,100.00,3.231369,1,3.231369,3.231369,3.231369
calculate_temp,1024,Global,cudaMemAdviseSetPreferredLocationGPU,cudaMemAdviseSetReadMostly,021,100.00,3.166089,1,3.166089,3.166089,3.166089
calculate_temp,1024,Global,cudaMemAdviseSetPreferredLocationGPU,cudaMemAdviseSetPreferredLocationGPU,022,100.00,2.974794,1,2.974794,2.974794,2.974794
calculate_temp,1024,Global,cudaMemAdviseSetPreferredLocationGPU,cudaMemAdviseSetAccessedByGPU,023,100.00,3.492167,1,3.492167,3.492167,3.492167
calculate_temp,1024,Global,cudaMemAdviseSetPreferredLocationGPU,cudaMemAdviseSetPreferredLocationGPU,024,100.00,9.697400,1,9.697400,9.697400,9.697400
calculate_temp,1024,Global,cudaMemAdviseSetPreferredLocationGPU,cudaMemAdviseSetPreferredLocationCPU,025,100.00,3.252232,1,3.252232,3.252232,3.252232
calculate_temp,1024,Global,cudaMemAdviseSetAccessedByGPU,none,030,100.00,4.324832,1,4.324832,4.324832,4.324832
calculate_temp,1024,Global,cudaMemAdviseSetAccessedByGPU,cudaMemAdviseSetReadMostly,031,100.00,3.981731,1,3.981731,3.981731,3.981731
calculate_temp,1024,Global,cudaMemAdviseSetAccessedByGPU,cudaMemAdviseSetPreferredLocationGPU,032,100.00,4.192993,1,4.192993,4.192993,4.192993
calculate_temp,1024,Global,cudaMemAdviseSetAccessedByGPU,cudaMemAdviseSetAccessedByGPU,033,100.00,3.667269,1,3.667269,3.667269,3.667269
calculate_temp,1024,Global,cudaMemAdviseSetAccessedByGPU,cudaMemAdviseSetPreferredLocationGPU,034,100.00,11.00958,1,11.00958,11.00958,11.00958
calculate_temp,1024,Global,cudaMemAdviseSetAccessedByGPU,cudaMemAdviseSetPreferredLocationCPU,035,100.00,4.209665,1,4.209665,4.209665,4.209665
calculate_temp,1024,Global,cudaMemAdviseSetPreferredLocationGPU,none,040,100.00,12.13127,1,12.13127,12.13127,12.13127
calculate_temp,1024,Global,cudaMemAdviseSetPreferredLocationGPU,cudaMemAdviseSetReadMostly,041,100.00,11.89933,1,11.89933,11.89933,11.89933
calculate_temp,1024,Global,cudaMemAdviseSetPreferredLocationGPU,cudaMemAdviseSetPreferredLocationGPU,042,100.00,11.77876,1,11.77876,11.77876,11.77876
calculate_temp,1024,Global,cudaMemAdviseSetPreferredLocationGPU,cudaMemAdviseSetAccessedByGPU,043,100.00,11.13998,1,11.13998,11.13998,11.13998
calculate_temp,1024,Global,cudaMemAdviseSetPreferredLocationGPU,cudaMemAdviseSetPreferredLocationGPU,044,100.00,15.60721,1,15.60721,15.60721,15.60721
calculate_temp,1024,Global,cudaMemAdviseSetPreferredLocationGPU,cudaMemAdviseSetPreferredLocationCPU,045,100.00,11.68292,1,11.68292,11.68292,11.68292
calculate_temp,1024,Global,cudaMemAdviseSetPreferredLocationCPU,none,050,100.00,4.013537,1,4.013537,4.013537,4.013537
calculate_temp,1024,Global,cudaMemAdviseSetPreferredLocationCPU,cudaMemAdviseSetReadMostly,051,100.00,3.967746,1,3.967746,3.967746,3.967746
calculate_temp,1024,Global,cudaMemAdviseSetPreferredLocationCPU,cudaMemAdviseSetPreferredLocationGPU,052,100.00,3.967202,1,3.967202,3.967202,3.967202
calculate_temp,1024,Global,cudaMemAdviseSetPreferredLocationCPU,cudaMemAdviseSetAccessedByGPU,053,100.00,4.300576,1,4.300576,4.300576,4.300576
calculate_temp,1024,Global,cudaMemAdviseSetPreferredLocationCPU,cudaMemAdviseSetPreferredLocationGPU,054,100.00,10.73995,1,10.73995,10.73995,10.73995
calculate_temp,1024,Global,cudaMemAdviseSetPreferredLocationCPU,cudaMemAdviseSetPreferredLocationCPU,055,100.00,3.688165,1,3.688165,3.688165,3.688165
calculate_temp,1024,Host,none,none,100,100.00,3.504613,1,3.504613,3.504613,3.504613
calculate_temp,1024,Host,none,cudaMemAdviseSetReadMostly,101,100.00,3.640132,1,3.640132,3.640132,3.640132
calculate_temp,1024,Host,none,cudaMemAdviseSetPreferredLocationGPU,102,100.00,4.079457,1,4.079457,4.079457,4.079457
calculate_temp,1024,Host,none,cudaMemAdviseSetAccessedByGPU,103,100.00,4.001186,1,4.001186,4.001186,4.001186
calculate_temp,1024,Host,none,cudaMemAdviseSetPreferredLocationGPU,104,100.00,11.46679,1,11.46679,11.46679,11.46679
calculate_temp,1024,Host,none,cudaMemAdviseSetPreferredLocationCPU,105,100.00,3.820419,1,3.820419,3.820419,3.820419
calculate_temp,1024,Host,cudaMemAdviseSetReadMostly,none,110,100.00,39.67271,1,39.67271,39.67271,39.67271
calculate_temp,1024,Host,cudaMemAdviseSetReadMostly,cudaMemAdviseSetReadMostly,111,100.00,40.67085,1,40.67085,40.67085,40.67085
calculate_temp,1024,Host,cudaMemAdviseSetReadMostly,cudaMemAdviseSetPreferredLocationGPU,112,100.00,41.69235,1,41.69235,41.69235,41.69235
calculate_temp,1024,Host,cudaMemAdviseSetReadMostly,cudaMemAdviseSetAccessedByGPU,113,100.00,41.75869,1,41.75869,41.75869,41.75869
calculate_temp,1024,Host,cudaMemAdviseSetReadMostly,cudaMemAdviseSetPreferredLocationGPU,114,100.00,40.08103,1,40.08103,40.08103,40.08103
calculate_temp,1024,Host,cudaMemAdviseSetReadMostly,cudaMemAdviseSetPreferredLocationCPU,115,100.00,40.82336,1,40.82336,40.82336,40.82336
calculate_temp,1024,Host,cudaMemAdviseSetPreferredLocationGPU,none,120,100.00,3.097705,1,3.097705,3.097705,3.097705
calculate_temp,1024,Host,cudaMemAdviseSetPreferredLocationGPU,cudaMemAdviseSetReadMostly,121,100.00,3.046985,1,3.046985,3.046985,3.046985
calculate_temp,1024,Host,cudaMemAdviseSetPreferredLocationGPU,cudaMemAdviseSetPreferredLocationGPU,122,100.00,3.452615,1,3.452615,3.452615,3.452615
calculate_temp,1024,Host,cudaMemAdviseSetPreferredLocationGPU,cudaMemAdviseSetAccessedByGPU,123,100.00,3.678564,1,3.678564,3.678564,3.678564
calculate_temp,1024,Host,cudaMemAdviseSetPreferredLocationGPU,cudaMemAdviseSetPreferredLocationGPU,124,100.00,10.69477,1,10.69477,10.69477,10.69477
calculate_temp,1024,Host,cudaMemAdviseSetPreferredLocationGPU,cudaMemAdviseSetPreferredLocationCPU,125,100.00,3.242152,1,3.242152,3.242152,3.242152
calculate_temp,1024,Host,cudaMemAdviseSetAccessedByGPU,none,130,100.00,4.636638,1,4.636638,4.636638,4.636638
calculate_temp,1024,Host,cudaMemAdviseSetAccessedByGPU,cudaMemAdviseSetReadMostly,131,100.00,4.011746,1,4.011746,4.011746,4.011746
calculate_temp,1024,Host,cudaMemAdviseSetAccessedByGPU,cudaMemAdviseSetPreferredLocationGPU,132,100.00,4.122242,1,4.122242,4.122242,4.122242
calculate_temp,1024,Host,cudaMemAdviseSetAccessedByGPU,cudaMemAdviseSetAccessedByGPU,133,100.00,3.504742,1,3.504742,3.504742,3.504742
calculate_temp,1024,Host,cudaMemAdviseSetAccessedByGPU,cudaMemAdviseSetPreferredLocationGPU,134,100.00,10.57374,1,10.57374,10.57374,10.57374
calculate_temp,1024,Host,cudaMemAdviseSetAccessedByGPU,cudaMemAdviseSetPreferredLocationCPU,135,100.00,4.358718,1,4.358718,4.358718,4.358718
calculate_temp,1024,Host,cudaMemAdviseSetPreferredLocationGPU,none,140,100.00,12.04726,1,12.04726,12.04726,12.04726
calculate_temp,1024,Host,cudaMemAdviseSetPreferredLocationGPU,cudaMemAdviseSetReadMostly,141,100.00,12.32492,1,12.32492,12.32492,12.32492
calculate_temp,1024,Host,cudaMemAdviseSetPreferredLocationGPU,cudaMemAdviseSetPreferredLocationGPU,142,100.00,11.96454,1,11.96454,11.96454,11.96454
calculate_temp,1024,Host,cudaMemAdviseSetPreferredLocationGPU,cudaMemAdviseSetAccessedByGPU,143,100.00,11.19837,1,11.19837,11.19837,11.19837
calculate_temp,1024,Host,cudaMemAdviseSetPreferredLocationGPU,cudaMemAdviseSetPreferredLocationGPU,144,100.00,15.48317,1,15.48317,15.48317,15.48317
calculate_temp,1024,Host,cudaMemAdviseSetPreferredLocationGPU,cudaMemAdviseSetPreferredLocationCPU,145,100.00,12.06621,1,12.06621,12.06621,12.06621
calculate_temp,1024,Host,cudaMemAdviseSetPreferredLocationCPU,none,150,100.00,4.115967,1,4.115967,4.115967,4.115967
calculate_temp,1024,Host,cudaMemAdviseSetPreferredLocationCPU,cudaMemAdviseSetReadMostly,151,100.00,3.697540,1,3.697540,3.697540,3.697540
calculate_temp,1024,Host,cudaMemAdviseSetPreferredLocationCPU,cudaMemAdviseSetPreferredLocationGPU,152,100.00,3.696388,1,3.696388,3.696388,3.696388
calculate_temp,1024,Host,cudaMemAdviseSetPreferredLocationCPU,cudaMemAdviseSetAccessedByGPU,153,100.00,4.040865,1,4.040865,4.040865,4.040865
calculate_temp,1024,Host,cudaMemAdviseSetPreferredLocationCPU,cudaMemAdviseSetPreferredLocationGPU,154,100.00,10.31218,1,10.31218,10.31218,10.31218
calculate_temp,1024,Host,cudaMemAdviseSetPreferredLocationCPU,cudaMemAdviseSetPreferredLocationCPU,155,100.00,4.300031,1,4.300031,4.300031,4.300031
calculate_temp,2048,Global,none,none,000,100.00,17.31833,1,17.31833,17.31833,17.31833
calculate_temp,2048,Global,none,cudaMemAdviseSetReadMostly,001,100.00,13.97177,1,13.97177,13.97177,13.97177
calculate_temp,2048,Global,none,cudaMemAdviseSetPreferredLocationGPU,002,100.00,13.95314,1,13.95314,13.95314,13.95314
calculate_temp,2048,Global,none,cudaMemAdviseSetAccessedByGPU,003,100.00,16.61008,1,16.61008,16.61008,16.61008
calculate_temp,2048,Global,none,cudaMemAdviseSetPreferredLocationGPU,004,100.00,39.26870,1,39.26870,39.26870,39.26870
calculate_temp,2048,Global,none,cudaMemAdviseSetPreferredLocationCPU,005,100.00,14.19548,1,14.19548,14.19548,14.19548
calculate_temp,2048,Global,cudaMemAdviseSetReadMostly,none,010,100.00,159.2630,1,159.2630,159.2630,159.2630
calculate_temp,2048,Global,cudaMemAdviseSetReadMostly,cudaMemAdviseSetReadMostly,011,100.00,158.8502,1,158.8502,158.8502,158.8502
calculate_temp,2048,Global,cudaMemAdviseSetReadMostly,cudaMemAdviseSetPreferredLocationGPU,012,100.00,159.5506,1,159.5506,159.5506,159.5506
calculate_temp,2048,Global,cudaMemAdviseSetReadMostly,cudaMemAdviseSetAccessedByGPU,013,100.00,161.7768,1,161.7768,161.7768,161.7768
calculate_temp,2048,Global,cudaMemAdviseSetReadMostly,cudaMemAdviseSetPreferredLocationGPU,014,100.00,161.1068,1,161.1068,161.1068,161.1068
calculate_temp,2048,Global,cudaMemAdviseSetReadMostly,cudaMemAdviseSetPreferredLocationCPU,015,100.00,160.3006,1,160.3006,160.3006,160.3006
calculate_temp,2048,Global,cudaMemAdviseSetPreferredLocationGPU,none,020,100.00,12.49235,1,12.49235,12.49235,12.49235
calculate_temp,2048,Global,cudaMemAdviseSetPreferredLocationGPU,cudaMemAdviseSetReadMostly,021,100.00,12.45350,1,12.45350,12.45350,12.45350
calculate_temp,2048,Global,cudaMemAdviseSetPreferredLocationGPU,cudaMemAdviseSetPreferredLocationGPU,022,100.00,12.77827,1,12.77827,12.77827,12.77827
calculate_temp,2048,Global,cudaMemAdviseSetPreferredLocationGPU,cudaMemAdviseSetAccessedByGPU,023,100.00,12.98301,1,12.98301,12.98301,12.98301
calculate_temp,2048,Global,cudaMemAdviseSetPreferredLocationGPU,cudaMemAdviseSetPreferredLocationGPU,024,100.00,37.43248,1,37.43248,37.43248,37.43248
calculate_temp,2048,Global,cudaMemAdviseSetPreferredLocationGPU,cudaMemAdviseSetPreferredLocationCPU,025,100.00,12.85379,1,12.85379,12.85379,12.85379
calculate_temp,2048,Global,cudaMemAdviseSetAccessedByGPU,none,030,100.00,16.15789,1,16.15789,16.15789,16.15789
calculate_temp,2048,Global,cudaMemAdviseSetAccessedByGPU,cudaMemAdviseSetReadMostly,031,100.00,16.15655,1,16.15655,16.15655,16.15655
calculate_temp,2048,Global,cudaMemAdviseSetAccessedByGPU,cudaMemAdviseSetPreferredLocationGPU,032,100.00,16.04551,1,16.04551,16.04551,16.04551
calculate_temp,2048,Global,cudaMemAdviseSetAccessedByGPU,cudaMemAdviseSetAccessedByGPU,033,100.00,14.28919,1,14.28919,14.28919,14.28919
calculate_temp,2048,Global,cudaMemAdviseSetAccessedByGPU,cudaMemAdviseSetPreferredLocationGPU,034,100.00,37.13600,1,37.13600,37.13600,37.13600
calculate_temp,2048,Global,cudaMemAdviseSetAccessedByGPU,cudaMemAdviseSetPreferredLocationCPU,035,100.00,16.28506,1,16.28506,16.28506,16.28506
calculate_temp,2048,Global,cudaMemAdviseSetPreferredLocationGPU,none,040,100.00,43.75423,1,43.75423,43.75423,43.75423
calculate_temp,2048,Global,cudaMemAdviseSetPreferredLocationGPU,cudaMemAdviseSetReadMostly,041,100.00,42.96556,1,42.96556,42.96556,42.96556
calculate_temp,2048,Global,cudaMemAdviseSetPreferredLocationGPU,cudaMemAdviseSetPreferredLocationGPU,042,100.00,44.53978,1,44.53978,44.53978,44.53978
calculate_temp,2048,Global,cudaMemAdviseSetPreferredLocationGPU,cudaMemAdviseSetAccessedByGPU,043,100.00,42.57714,1,42.57714,42.57714,42.57714
calculate_temp,2048,Global,cudaMemAdviseSetPreferredLocationGPU,cudaMemAdviseSetPreferredLocationGPU,044,100.00,60.00087,1,60.00087,60.00087,60.00087
calculate_temp,2048,Global,cudaMemAdviseSetPreferredLocationGPU,cudaMemAdviseSetPreferredLocationCPU,045,100.00,44.25453,1,44.25453,44.25453,44.25453
calculate_temp,2048,Global,cudaMemAdviseSetPreferredLocationCPU,none,050,100.00,14.76081,1,14.76081,14.76081,14.76081
calculate_temp,2048,Global,cudaMemAdviseSetPreferredLocationCPU,cudaMemAdviseSetReadMostly,051,100.00,14.62766,1,14.62766,14.62766,14.62766
calculate_temp,2048,Global,cudaMemAdviseSetPreferredLocationCPU,cudaMemAdviseSetPreferredLocationGPU,052,100.00,14.66330,1,14.66330,14.66330,14.66330
calculate_temp,2048,Global,cudaMemAdviseSetPreferredLocationCPU,cudaMemAdviseSetAccessedByGPU,053,100.00,16.35737,1,16.35737,16.35737,16.35737
calculate_temp,2048,Global,cudaMemAdviseSetPreferredLocationCPU,cudaMemAdviseSetPreferredLocationGPU,054,100.00,39.95076,1,39.95076,39.95076,39.95076
calculate_temp,2048,Global,cudaMemAdviseSetPreferredLocationCPU,cudaMemAdviseSetPreferredLocationCPU,055,100.00,14.81532,1,14.81532,14.81532,14.81532
calculate_temp,2048,Host,none,none,100,100.00,14.07268,1,14.07268,14.07268,14.07268
calculate_temp,2048,Host,none,cudaMemAdviseSetReadMostly,101,100.00,15.11914,1,15.11914,15.11914,15.11914
calculate_temp,2048,Host,none,cudaMemAdviseSetPreferredLocationGPU,102,100.00,14.08129,1,14.08129,14.08129,14.08129
calculate_temp,2048,Host,none,cudaMemAdviseSetAccessedByGPU,103,100.00,16.57717,1,16.57717,16.57717,16.57717
calculate_temp,2048,Host,none,cudaMemAdviseSetPreferredLocationGPU,104,100.00,38.09695,1,38.09695,38.09695,38.09695
calculate_temp,2048,Host,none,cudaMemAdviseSetPreferredLocationCPU,105,100.00,14.36353,1,14.36353,14.36353,14.36353
calculate_temp,2048,Host,cudaMemAdviseSetReadMostly,none,110,100.00,160.0844,1,160.0844,160.0844,160.0844
calculate_temp,2048,Host,cudaMemAdviseSetReadMostly,cudaMemAdviseSetReadMostly,111,100.00,163.6929,1,163.6929,163.6929,163.6929
calculate_temp,2048,Host,cudaMemAdviseSetReadMostly,cudaMemAdviseSetPreferredLocationGPU,112,100.00,161.3806,1,161.3806,161.3806,161.3806
calculate_temp,2048,Host,cudaMemAdviseSetReadMostly,cudaMemAdviseSetAccessedByGPU,113,100.00,155.3894,1,155.3894,155.3894,155.3894
calculate_temp,2048,Host,cudaMemAdviseSetReadMostly,cudaMemAdviseSetPreferredLocationGPU,114,100.00,168.8366,1,168.8366,168.8366,168.8366
calculate_temp,2048,Host,cudaMemAdviseSetReadMostly,cudaMemAdviseSetPreferredLocationCPU,115,100.00,161.1880,1,161.1880,161.1880,161.1880
calculate_temp,2048,Host,cudaMemAdviseSetPreferredLocationGPU,none,120,100.00,12.57487,1,12.57487,12.57487,12.57487
calculate_temp,2048,Host,cudaMemAdviseSetPreferredLocationGPU,cudaMemAdviseSetReadMostly,121,100.00,12.47260,1,12.47260,12.47260,12.47260
calculate_temp,2048,Host,cudaMemAdviseSetPreferredLocationGPU,cudaMemAdviseSetPreferredLocationGPU,122,100.00,12.67554,1,12.67554,12.67554,12.67554
calculate_temp,2048,Host,cudaMemAdviseSetPreferredLocationGPU,cudaMemAdviseSetAccessedByGPU,123,100.00,13.37515,1,13.37515,13.37515,13.37515
calculate_temp,2048,Host,cudaMemAdviseSetPreferredLocationGPU,cudaMemAdviseSetPreferredLocationGPU,124,100.00,38.63510,1,38.63510,38.63510,38.63510
calculate_temp,2048,Host,cudaMemAdviseSetPreferredLocationGPU,cudaMemAdviseSetPreferredLocationCPU,125,100.00,11.91657,1,11.91657,11.91657,11.91657
calculate_temp,2048,Host,cudaMemAdviseSetAccessedByGPU,none,130,100.00,16.30691,1,16.30691,16.30691,16.30691
calculate_temp,2048,Host,cudaMemAdviseSetAccessedByGPU,cudaMemAdviseSetReadMostly,131,100.00,16.04816,1,16.04816,16.04816,16.04816
calculate_temp,2048,Host,cudaMemAdviseSetAccessedByGPU,cudaMemAdviseSetPreferredLocationGPU,132,100.00,16.46767,1,16.46767,16.46767,16.46767
calculate_temp,2048,Host,cudaMemAdviseSetAccessedByGPU,cudaMemAdviseSetAccessedByGPU,133,100.00,14.14859,1,14.14859,14.14859,14.14859
calculate_temp,2048,Host,cudaMemAdviseSetAccessedByGPU,cudaMemAdviseSetPreferredLocationGPU,134,100.00,37.40688,1,37.40688,37.40688,37.40688
calculate_temp,2048,Host,cudaMemAdviseSetAccessedByGPU,cudaMemAdviseSetPreferredLocationCPU,135,100.00,15.56154,1,15.56154,15.56154,15.56154
calculate_temp,2048,Host,cudaMemAdviseSetPreferredLocationGPU,none,140,100.00,43.10827,1,43.10827,43.10827,43.10827
calculate_temp,2048,Host,cudaMemAdviseSetPreferredLocationGPU,cudaMemAdviseSetReadMostly,141,100.00,43.56564,1,43.56564,43.56564,43.56564
calculate_temp,2048,Host,cudaMemAdviseSetPreferredLocationGPU,cudaMemAdviseSetPreferredLocationGPU,142,100.00,44.91688,1,44.91688,44.91688,44.91688
calculate_temp,2048,Host,cudaMemAdviseSetPreferredLocationGPU,cudaMemAdviseSetAccessedByGPU,143,100.00,43.86224,1,43.86224,43.86224,43.86224
calculate_temp,2048,Host,cudaMemAdviseSetPreferredLocationGPU,cudaMemAdviseSetPreferredLocationGPU,144,100.00,58.58900,1,58.58900,58.58900,58.58900
calculate_temp,2048,Host,cudaMemAdviseSetPreferredLocationGPU,cudaMemAdviseSetPreferredLocationCPU,145,100.00,44.02733,1,44.02733,44.02733,44.02733
calculate_temp,2048,Host,cudaMemAdviseSetPreferredLocationCPU,none,150,100.00,14.78621,1,14.78621,14.78621,14.78621
calculate_temp,2048,Host,cudaMemAdviseSetPreferredLocationCPU,cudaMemAdviseSetReadMostly,151,100.00,14.57096,1,14.57096,14.57096,14.57096
calculate_temp,2048,Host,cudaMemAdviseSetPreferredLocationCPU,cudaMemAdviseSetPreferredLocationGPU,152,100.00,15.21763,1,15.21763,15.21763,15.21763
calculate_temp,2048,Host,cudaMemAdviseSetPreferredLocationCPU,cudaMemAdviseSetAccessedByGPU,153,100.00,15.93228,1,15.93228,15.93228,15.93228
calculate_temp,2048,Host,cudaMemAdviseSetPreferredLocationCPU,cudaMemAdviseSetPreferredLocationGPU,154,100.00,39.02865,1,39.02865,39.02865,39.02865
calculate_temp,2048,Host,cudaMemAdviseSetPreferredLocationCPU,cudaMemAdviseSetPreferredLocationCPU,155,100.00,14.74820,1,14.74820,14.74820,14.74820
calculate_temp,4096,Global,none,none,000,100.00,49.88470,1,49.88470,49.88470,49.88470
calculate_temp,4096,Global,none,cudaMemAdviseSetReadMostly,001,100.00,47.06191,1,47.06191,47.06191,47.06191
calculate_temp,4096,Global,none,cudaMemAdviseSetPreferredLocationGPU,002,100.00,47.60942,1,47.60942,47.60942,47.60942
calculate_temp,4096,Global,none,cudaMemAdviseSetAccessedByGPU,003,100.00,60.75704,1,60.75704,60.75704,60.75704
calculate_temp,4096,Global,none,cudaMemAdviseSetPreferredLocationGPU,004,100.00,145.3275,1,145.3275,145.3275,145.3275
calculate_temp,4096,Global,none,cudaMemAdviseSetPreferredLocationCPU,005,100.00,47.77492,1,47.77492,47.77492,47.77492
calculate_temp,4096,Global,cudaMemAdviseSetReadMostly,none,010,100.00,633.8068,1,633.8068,633.8068,633.8068
calculate_temp,4096,Global,cudaMemAdviseSetReadMostly,cudaMemAdviseSetReadMostly,011,100.00,661.3161,1,661.3161,661.3161,661.3161
calculate_temp,4096,Global,cudaMemAdviseSetReadMostly,cudaMemAdviseSetPreferredLocationGPU,012,100.00,647.9846,1,647.9846,647.9846,647.9846
calculate_temp,4096,Global,cudaMemAdviseSetReadMostly,cudaMemAdviseSetAccessedByGPU,013,100.00,668.4558,1,668.4558,668.4558,668.4558
calculate_temp,4096,Global,cudaMemAdviseSetReadMostly,cudaMemAdviseSetPreferredLocationGPU,014,100.00,708.0402,1,708.0402,708.0402,708.0402
calculate_temp,4096,Global,cudaMemAdviseSetReadMostly,cudaMemAdviseSetPreferredLocationCPU,015,100.00,656.1329,1,656.1329,656.1329,656.1329
calculate_temp,4096,Global,cudaMemAdviseSetPreferredLocationGPU,none,020,100.00,42.21088,1,42.21088,42.21088,42.21088
calculate_temp,4096,Global,cudaMemAdviseSetPreferredLocationGPU,cudaMemAdviseSetReadMostly,021,100.00,41.30954,1,41.30954,41.30954,41.30954
calculate_temp,4096,Global,cudaMemAdviseSetPreferredLocationGPU,cudaMemAdviseSetPreferredLocationGPU,022,100.00,42.19440,1,42.19440,42.19440,42.19440
calculate_temp,4096,Global,cudaMemAdviseSetPreferredLocationGPU,cudaMemAdviseSetAccessedByGPU,023,100.00,49.12679,1,49.12679,49.12679,49.12679
calculate_temp,4096,Global,cudaMemAdviseSetPreferredLocationGPU,cudaMemAdviseSetPreferredLocationGPU,024,100.00,145.4778,1,145.4778,145.4778,145.4778
calculate_temp,4096,Global,cudaMemAdviseSetPreferredLocationGPU,cudaMemAdviseSetPreferredLocationCPU,025,100.00,43.53826,1,43.53826,43.53826,43.53826
calculate_temp,4096,Global,cudaMemAdviseSetAccessedByGPU,none,030,100.00,61.07315,1,61.07315,61.07315,61.07315
calculate_temp,4096,Global,cudaMemAdviseSetAccessedByGPU,cudaMemAdviseSetReadMostly,031,100.00,57.29600,1,57.29600,57.29600,57.29600
calculate_temp,4096,Global,cudaMemAdviseSetAccessedByGPU,cudaMemAdviseSetPreferredLocationGPU,032,100.00,60.17287,1,60.17287,60.17287,60.17287
calculate_temp,4096,Global,cudaMemAdviseSetAccessedByGPU,cudaMemAdviseSetAccessedByGPU,033,100.00,55.70856,1,55.70856,55.70856,55.70856
calculate_temp,4096,Global,cudaMemAdviseSetAccessedByGPU,cudaMemAdviseSetPreferredLocationGPU,034,100.00,142.2581,1,142.2581,142.2581,142.2581
calculate_temp,4096,Global,cudaMemAdviseSetAccessedByGPU,cudaMemAdviseSetPreferredLocationCPU,035,100.00,60.43731,1,60.43731,60.43731,60.43731
calculate_temp,4096,Global,cudaMemAdviseSetPreferredLocationGPU,none,040,100.00,162.3804,1,162.3804,162.3804,162.3804
calculate_temp,4096,Global,cudaMemAdviseSetPreferredLocationGPU,cudaMemAdviseSetReadMostly,041,100.00,162.4266,1,162.4266,162.4266,162.4266
calculate_temp,4096,Global,cudaMemAdviseSetPreferredLocationGPU,cudaMemAdviseSetPreferredLocationGPU,042,100.00,163.6041,1,163.6041,163.6041,163.6041
calculate_temp,4096,Global,cudaMemAdviseSetPreferredLocationGPU,cudaMemAdviseSetAccessedByGPU,043,100.00,160.1596,1,160.1596,160.1596,160.1596
calculate_temp,4096,Global,cudaMemAdviseSetPreferredLocationGPU,cudaMemAdviseSetPreferredLocationGPU,044,100.00,223.9028,1,223.9028,223.9028,223.9028
calculate_temp,4096,Global,cudaMemAdviseSetPreferredLocationGPU,cudaMemAdviseSetPreferredLocationCPU,045,100.00,164.6731,1,164.6731,164.6731,164.6731
calculate_temp,4096,Global,cudaMemAdviseSetPreferredLocationCPU,none,050,100.00,46.83855,1,46.83855,46.83855,46.83855
calculate_temp,4096,Global,cudaMemAdviseSetPreferredLocationCPU,cudaMemAdviseSetReadMostly,051,100.00,47.45711,1,47.45711,47.45711,47.45711
calculate_temp,4096,Global,cudaMemAdviseSetPreferredLocationCPU,cudaMemAdviseSetPreferredLocationGPU,052,100.00,48.19656,1,48.19656,48.19656,48.19656
calculate_temp,4096,Global,cudaMemAdviseSetPreferredLocationCPU,cudaMemAdviseSetAccessedByGPU,053,100.00,60.30235,1,60.30235,60.30235,60.30235
calculate_temp,4096,Global,cudaMemAdviseSetPreferredLocationCPU,cudaMemAdviseSetPreferredLocationGPU,054,100.00,150.2249,1,150.2249,150.2249,150.2249
calculate_temp,4096,Global,cudaMemAdviseSetPreferredLocationCPU,cudaMemAdviseSetPreferredLocationCPU,055,100.00,46.72214,1,46.72214,46.72214,46.72214
calculate_temp,4096,Host,none,none,100,100.00,46.88180,1,46.88180,46.88180,46.88180
calculate_temp,4096,Host,none,cudaMemAdviseSetReadMostly,101,100.00,47.91779,1,47.91779,47.91779,47.91779
calculate_temp,4096,Host,none,cudaMemAdviseSetPreferredLocationGPU,102,100.00,47.64123,1,47.64123,47.64123,47.64123
calculate_temp,4096,Host,none,cudaMemAdviseSetAccessedByGPU,103,100.00,60.59451,1,60.59451,60.59451,60.59451
calculate_temp,4096,Host,none,cudaMemAdviseSetPreferredLocationGPU,104,100.00,151.3055,1,151.3055,151.3055,151.3055
calculate_temp,4096,Host,none,cudaMemAdviseSetPreferredLocationCPU,105,100.00,45.88892,1,45.88892,45.88892,45.88892
calculate_temp,4096,Host,cudaMemAdviseSetReadMostly,none,110,100.00,643.4301,1,643.4301,643.4301,643.4301
calculate_temp,4096,Host,cudaMemAdviseSetReadMostly,cudaMemAdviseSetReadMostly,111,100.00,651.7243,1,651.7243,651.7243,651.7243
calculate_temp,4096,Host,cudaMemAdviseSetReadMostly,cudaMemAdviseSetPreferredLocationGPU,112,100.00,655.9994,1,655.9994,655.9994,655.9994
calculate_temp,4096,Host,cudaMemAdviseSetReadMostly,cudaMemAdviseSetAccessedByGPU,113,100.00,666.3711,1,666.3711,666.3711,666.3711
calculate_temp,4096,Host,cudaMemAdviseSetReadMostly,cudaMemAdviseSetPreferredLocationGPU,114,100.00,706.9985,1,706.9985,706.9985,706.9985
calculate_temp,4096,Host,cudaMemAdviseSetReadMostly,cudaMemAdviseSetPreferredLocationCPU,115,100.00,664.1907,1,664.1907,664.1907,664.1907
calculate_temp,4096,Host,cudaMemAdviseSetPreferredLocationGPU,none,120,100.00,42.26511,1,42.26511,42.26511,42.26511
calculate_temp,4096,Host,cudaMemAdviseSetPreferredLocationGPU,cudaMemAdviseSetReadMostly,121,100.00,41.12457,1,41.12457,41.12457,41.12457
calculate_temp,4096,Host,cudaMemAdviseSetPreferredLocationGPU,cudaMemAdviseSetPreferredLocationGPU,122,100.00,40.70761,1,40.70761,40.70761,40.70761
calculate_temp,4096,Host,cudaMemAdviseSetPreferredLocationGPU,cudaMemAdviseSetAccessedByGPU,123,100.00,50.71288,1,50.71288,50.71288,50.71288
calculate_temp,4096,Host,cudaMemAdviseSetPreferredLocationGPU,cudaMemAdviseSetPreferredLocationGPU,124,100.00,146.0284,1,146.0284,146.0284,146.0284
calculate_temp,4096,Host,cudaMemAdviseSetPreferredLocationGPU,cudaMemAdviseSetPreferredLocationCPU,125,100.00,42.22315,1,42.22315,42.22315,42.22315
calculate_temp,4096,Host,cudaMemAdviseSetAccessedByGPU,none,130,100.00,58.87501,1,58.87501,58.87501,58.87501
calculate_temp,4096,Host,cudaMemAdviseSetAccessedByGPU,cudaMemAdviseSetReadMostly,131,100.00,58.30122,1,58.30122,58.30122,58.30122
calculate_temp,4096,Host,cudaMemAdviseSetAccessedByGPU,cudaMemAdviseSetPreferredLocationGPU,132,100.00,59.39732,1,59.39732,59.39732,59.39732
calculate_temp,4096,Host,cudaMemAdviseSetAccessedByGPU,cudaMemAdviseSetAccessedByGPU,133,100.00,54.35516,1,54.35516,54.35516,54.35516
calculate_temp,4096,Host,cudaMemAdviseSetAccessedByGPU,cudaMemAdviseSetPreferredLocationGPU,134,100.00,141.3778,1,141.3778,141.3778,141.3778
calculate_temp,4096,Host,cudaMemAdviseSetAccessedByGPU,cudaMemAdviseSetPreferredLocationCPU,135,100.00,60.70284,1,60.70284,60.70284,60.70284
calculate_temp,4096,Host,cudaMemAdviseSetPreferredLocationGPU,none,140,100.00,163.6644,1,163.6644,163.6644,163.6644
calculate_temp,4096,Host,cudaMemAdviseSetPreferredLocationGPU,cudaMemAdviseSetReadMostly,141,100.00,162.3835,1,162.3835,162.3835,162.3835
calculate_temp,4096,Host,cudaMemAdviseSetPreferredLocationGPU,cudaMemAdviseSetPreferredLocationGPU,142,100.00,164.8265,1,164.8265,164.8265,164.8265
calculate_temp,4096,Host,cudaMemAdviseSetPreferredLocationGPU,cudaMemAdviseSetAccessedByGPU,143,100.00,162.1659,1,162.1659,162.1659,162.1659
calculate_temp,4096,Host,cudaMemAdviseSetPreferredLocationGPU,cudaMemAdviseSetPreferredLocationGPU,144,100.00,217.6700,1,217.6700,217.6700,217.6700
calculate_temp,4096,Host,cudaMemAdviseSetPreferredLocationGPU,cudaMemAdviseSetPreferredLocationCPU,145,100.00,166.2247,1,166.2247,166.2247,166.2247
calculate_temp,4096,Host,cudaMemAdviseSetPreferredLocationCPU,none,150,100.00,47.17740,1,47.17740,47.17740,47.17740
calculate_temp,4096,Host,cudaMemAdviseSetPreferredLocationCPU,cudaMemAdviseSetReadMostly,151,100.00,47.95533,1,47.95533,47.95533,47.95533
calculate_temp,4096,Host,cudaMemAdviseSetPreferredLocationCPU,cudaMemAdviseSetPreferredLocationGPU,152,100.00,47.49469,1,47.49469,47.49469,47.49469
calculate_temp,4096,Host,cudaMemAdviseSetPreferredLocationCPU,cudaMemAdviseSetAccessedByGPU,153,100.00,60.80470,1,60.80470,60.80470,60.80470
calculate_temp,4096,Host,cudaMemAdviseSetPreferredLocationCPU,cudaMemAdviseSetPreferredLocationGPU,154,100.00,150.8212,1,150.8212,150.8212,150.8212
calculate_temp,4096,Host,cudaMemAdviseSetPreferredLocationCPU,cudaMemAdviseSetPreferredLocationCPU,155,100.00,47.00294,1,47.00294,47.00294,47.00294
calculate_temp,8192,Global,none,none,000,100.00,178.0743,1,178.0743,178.0743,178.0743
calculate_temp,8192,Global,none,cudaMemAdviseSetReadMostly,001,100.00,168.5791,1,168.5791,168.5791,168.5791
calculate_temp,8192,Global,none,cudaMemAdviseSetPreferredLocationGPU,002,100.00,166.1117,1,166.1117,166.1117,166.1117
calculate_temp,8192,Global,none,cudaMemAdviseSetAccessedByGPU,003,100.00,233.9044,1,233.9044,233.9044,233.9044
calculate_temp,8192,Global,none,cudaMemAdviseSetPreferredLocationGPU,004,100.00,540.6211,1,540.6211,540.6211,540.6211
calculate_temp,8192,Global,none,cudaMemAdviseSetPreferredLocationCPU,005,100.00,168.4188,1,168.4188,168.4188,168.4188
calculate_temp,8192,Global,cudaMemAdviseSetReadMostly,none,010,100.00,2.66e+03,1,2.66e+03,2.66e+03,2.66e+03
calculate_temp,8192,Global,cudaMemAdviseSetReadMostly,cudaMemAdviseSetReadMostly,011,100.00,2.80e+03,1,2.80e+03,2.80e+03,2.80e+03
calculate_temp,8192,Global,cudaMemAdviseSetReadMostly,cudaMemAdviseSetPreferredLocationGPU,012,100.00,2.65e+03,1,2.65e+03,2.65e+03,2.65e+03
calculate_temp,8192,Global,cudaMemAdviseSetReadMostly,cudaMemAdviseSetAccessedByGPU,013,100.00,2.75e+03,1,2.75e+03,2.75e+03,2.75e+03
calculate_temp,8192,Global,cudaMemAdviseSetReadMostly,cudaMemAdviseSetPreferredLocationGPU,014,100.00,3.00e+03,1,3.00e+03,3.00e+03,3.00e+03
calculate_temp,8192,Global,cudaMemAdviseSetReadMostly,cudaMemAdviseSetPreferredLocationCPU,015,100.00,2.85e+03,1,2.85e+03,2.85e+03,2.85e+03
calculate_temp,8192,Global,cudaMemAdviseSetPreferredLocationGPU,none,020,100.00,160.3867,1,160.3867,160.3867,160.3867
calculate_temp,8192,Global,cudaMemAdviseSetPreferredLocationGPU,cudaMemAdviseSetReadMostly,021,100.00,152.8262,1,152.8262,152.8262,152.8262
calculate_temp,8192,Global,cudaMemAdviseSetPreferredLocationGPU,cudaMemAdviseSetPreferredLocationGPU,022,100.00,159.9288,1,159.9288,159.9288,159.9288
calculate_temp,8192,Global,cudaMemAdviseSetPreferredLocationGPU,cudaMemAdviseSetAccessedByGPU,023,100.00,194.1402,1,194.1402,194.1402,194.1402
calculate_temp,8192,Global,cudaMemAdviseSetPreferredLocationGPU,cudaMemAdviseSetPreferredLocationGPU,024,100.00,549.0249,1,549.0249,549.0249,549.0249
calculate_temp,8192,Global,cudaMemAdviseSetPreferredLocationGPU,cudaMemAdviseSetPreferredLocationCPU,025,100.00,157.3080,1,157.3080,157.3080,157.3080
calculate_temp,8192,Global,cudaMemAdviseSetAccessedByGPU,none,030,100.00,225.3806,1,225.3806,225.3806,225.3806
calculate_temp,8192,Global,cudaMemAdviseSetAccessedByGPU,cudaMemAdviseSetReadMostly,031,100.00,220.4622,1,220.4622,220.4622,220.4622
calculate_temp,8192,Global,cudaMemAdviseSetAccessedByGPU,cudaMemAdviseSetPreferredLocationGPU,032,100.00,225.2088,1,225.2088,225.2088,225.2088
calculate_temp,8192,Global,cudaMemAdviseSetAccessedByGPU,cudaMemAdviseSetAccessedByGPU,033,100.00,203.7850,1,203.7850,203.7850,203.7850
calculate_temp,8192,Global,cudaMemAdviseSetAccessedByGPU,cudaMemAdviseSetPreferredLocationGPU,034,100.00,526.4402,1,526.4402,526.4402,526.4402
calculate_temp,8192,Global,cudaMemAdviseSetAccessedByGPU,cudaMemAdviseSetPreferredLocationCPU,035,100.00,226.7884,1,226.7884,226.7884,226.7884
calculate_temp,8192,Global,cudaMemAdviseSetPreferredLocationGPU,none,040,100.00,620.4230,1,620.4230,620.4230,620.4230
calculate_temp,8192,Global,cudaMemAdviseSetPreferredLocationGPU,cudaMemAdviseSetReadMostly,041,100.00,605.1882,1,605.1882,605.1882,605.1882
calculate_temp,8192,Global,cudaMemAdviseSetPreferredLocationGPU,cudaMemAdviseSetPreferredLocationGPU,042,100.00,616.8792,1,616.8792,616.8792,616.8792
calculate_temp,8192,Global,cudaMemAdviseSetPreferredLocationGPU,cudaMemAdviseSetAccessedByGPU,043,100.00,612.4672,1,612.4672,612.4672,612.4672
calculate_temp,8192,Global,cudaMemAdviseSetPreferredLocationGPU,cudaMemAdviseSetPreferredLocationGPU,044,100.00,815.1013,1,815.1013,815.1013,815.1013
calculate_temp,8192,Global,cudaMemAdviseSetPreferredLocationGPU,cudaMemAdviseSetPreferredLocationCPU,045,100.00,620.2629,1,620.2629,620.2629,620.2629
calculate_temp,8192,Global,cudaMemAdviseSetPreferredLocationCPU,none,050,100.00,168.7590,1,168.7590,168.7590,168.7590
calculate_temp,8192,Global,cudaMemAdviseSetPreferredLocationCPU,cudaMemAdviseSetReadMostly,051,100.00,170.2621,1,170.2621,170.2621,170.2621
calculate_temp,8192,Global,cudaMemAdviseSetPreferredLocationCPU,cudaMemAdviseSetPreferredLocationGPU,052,100.00,165.8536,1,165.8536,165.8536,165.8536
calculate_temp,8192,Global,cudaMemAdviseSetPreferredLocationCPU,cudaMemAdviseSetAccessedByGPU,053,100.00,232.4774,1,232.4774,232.4774,232.4774
calculate_temp,8192,Global,cudaMemAdviseSetPreferredLocationCPU,cudaMemAdviseSetPreferredLocationGPU,054,100.00,570.7209,1,570.7209,570.7209,570.7209
calculate_temp,8192,Global,cudaMemAdviseSetPreferredLocationCPU,cudaMemAdviseSetPreferredLocationCPU,055,100.00,170.7745,1,170.7745,170.7745,170.7745
calculate_temp,8192,Host,none,none,100,100.00,168.5346,1,168.5346,168.5346,168.5346
calculate_temp,8192,Host,none,cudaMemAdviseSetReadMostly,101,100.00,170.4292,1,170.4292,170.4292,170.4292
calculate_temp,8192,Host,none,cudaMemAdviseSetPreferredLocationGPU,102,100.00,170.3584,1,170.3584,170.3584,170.3584
calculate_temp,8192,Host,none,cudaMemAdviseSetAccessedByGPU,103,100.00,234.4499,1,234.4499,234.4499,234.4499
calculate_temp,8192,Host,none,cudaMemAdviseSetPreferredLocationGPU,104,100.00,550.5871,1,550.5871,550.5871,550.5871
calculate_temp,8192,Host,none,cudaMemAdviseSetPreferredLocationCPU,105,100.00,170.5224,1,170.5224,170.5224,170.5224
calculate_temp,8192,Host,cudaMemAdviseSetReadMostly,none,110,100.00,2.70e+03,1,2.70e+03,2.70e+03,2.70e+03
calculate_temp,8192,Host,cudaMemAdviseSetReadMostly,cudaMemAdviseSetReadMostly,111,100.00,2.79e+03,1,2.79e+03,2.79e+03,2.79e+03
calculate_temp,8192,Host,cudaMemAdviseSetReadMostly,cudaMemAdviseSetPreferredLocationGPU,112,100.00,2.67e+03,1,2.67e+03,2.67e+03,2.67e+03
calculate_temp,8192,Host,cudaMemAdviseSetReadMostly,cudaMemAdviseSetAccessedByGPU,113,100.00,2.83e+03,1,2.83e+03,2.83e+03,2.83e+03
calculate_temp,8192,Host,cudaMemAdviseSetReadMostly,cudaMemAdviseSetPreferredLocationGPU,114,100.00,2.89e+03,1,2.89e+03,2.89e+03,2.89e+03
calculate_temp,8192,Host,cudaMemAdviseSetReadMostly,cudaMemAdviseSetPreferredLocationCPU,115,100.00,2.79e+03,1,2.79e+03,2.79e+03,2.79e+03
calculate_temp,8192,Host,cudaMemAdviseSetPreferredLocationGPU,none,120,100.00,159.4730,1,159.4730,159.4730,159.4730
calculate_temp,8192,Host,cudaMemAdviseSetPreferredLocationGPU,cudaMemAdviseSetReadMostly,121,100.00,160.3120,1,160.3120,160.3120,160.3120
calculate_temp,8192,Host,cudaMemAdviseSetPreferredLocationGPU,cudaMemAdviseSetPreferredLocationGPU,122,100.00,160.6509,1,160.6509,160.6509,160.6509
calculate_temp,8192,Host,cudaMemAdviseSetPreferredLocationGPU,cudaMemAdviseSetAccessedByGPU,123,100.00,195.3279,1,195.3279,195.3279,195.3279
calculate_temp,8192,Host,cudaMemAdviseSetPreferredLocationGPU,cudaMemAdviseSetPreferredLocationGPU,124,100.00,555.6832,1,555.6832,555.6832,555.6832
calculate_temp,8192,Host,cudaMemAdviseSetPreferredLocationGPU,cudaMemAdviseSetPreferredLocationCPU,125,100.00,158.9766,1,158.9766,158.9766,158.9766
calculate_temp,8192,Host,cudaMemAdviseSetAccessedByGPU,none,130,100.00,222.3259,1,222.3259,222.3259,222.3259
calculate_temp,8192,Host,cudaMemAdviseSetAccessedByGPU,cudaMemAdviseSetReadMostly,131,100.00,218.9412,1,218.9412,218.9412,218.9412
calculate_temp,8192,Host,cudaMemAdviseSetAccessedByGPU,cudaMemAdviseSetPreferredLocationGPU,132,100.00,224.3890,1,224.3890,224.3890,224.3890
calculate_temp,8192,Host,cudaMemAdviseSetAccessedByGPU,cudaMemAdviseSetAccessedByGPU,133,100.00,204.0954,1,204.0954,204.0954,204.0954
calculate_temp,8192,Host,cudaMemAdviseSetAccessedByGPU,cudaMemAdviseSetPreferredLocationGPU,134,100.00,538.4505,1,538.4505,538.4505,538.4505
calculate_temp,8192,Host,cudaMemAdviseSetAccessedByGPU,cudaMemAdviseSetPreferredLocationCPU,135,100.00,226.8860,1,226.8860,226.8860,226.8860
calculate_temp,8192,Host,cudaMemAdviseSetPreferredLocationGPU,none,140,100.00,609.3790,1,609.3790,609.3790,609.3790
calculate_temp,8192,Host,cudaMemAdviseSetPreferredLocationGPU,cudaMemAdviseSetReadMostly,141,100.00,605.2558,1,605.2558,605.2558,605.2558
calculate_temp,8192,Host,cudaMemAdviseSetPreferredLocationGPU,cudaMemAdviseSetPreferredLocationGPU,142,100.00,606.6437,1,606.6437,606.6437,606.6437
calculate_temp,8192,Host,cudaMemAdviseSetPreferredLocationGPU,cudaMemAdviseSetAccessedByGPU,143,100.00,605.4770,1,605.4770,605.4770,605.4770
calculate_temp,8192,Host,cudaMemAdviseSetPreferredLocationGPU,cudaMemAdviseSetPreferredLocationGPU,144,100.00,820.6948,1,820.6948,820.6948,820.6948
calculate_temp,8192,Host,cudaMemAdviseSetPreferredLocationGPU,cudaMemAdviseSetPreferredLocationCPU,145,100.00,621.2280,1,621.2280,621.2280,621.2280
calculate_temp,8192,Host,cudaMemAdviseSetPreferredLocationCPU,none,150,100.00,171.4271,1,171.4271,171.4271,171.4271
calculate_temp,8192,Host,cudaMemAdviseSetPreferredLocationCPU,cudaMemAdviseSetReadMostly,151,100.00,163.5644,1,163.5644,163.5644,163.5644
calculate_temp,8192,Host,cudaMemAdviseSetPreferredLocationCPU,cudaMemAdviseSetPreferredLocationGPU,152,100.00,172.7944,1,172.7944,172.7944,172.7944
calculate_temp,8192,Host,cudaMemAdviseSetPreferredLocationCPU,cudaMemAdviseSetAccessedByGPU,153,100.00,233.2197,1,233.2197,233.2197,233.2197
calculate_temp,8192,Host,cudaMemAdviseSetPreferredLocationCPU,cudaMemAdviseSetPreferredLocationGPU,154,100.00,561.6209,1,561.6209,561.6209,561.6209
calculate_temp,8192,Host,cudaMemAdviseSetPreferredLocationCPU,cudaMemAdviseSetPreferredLocationCPU,155,100.00,168.3177,1,168.3177,168.3177,168.3177
