kernel,Input,MemLocation,Array,MemAdvise,label,TimePerc,Time,calls,AVG,MIN,MAX
Kernel,graph4096,Global,none,none,000,98.27,0.659581,8,0.082447,2.02e-03,0.236511
Kernel,graph4096,Global,h_graph_nodes,none,010,98.28,0.651485,8,0.081435,2.05e-03,0.234622
Kernel,graph4096,Global,h_graph_edges,none,020,98.30,0.643740,8,0.080467,2.08e-03,0.230751
Kernel,graph4096,Global,h_graph_mask,none,030,98.27,0.644604,8,0.080575,2.05e-03,0.231039
Kernel,graph4096,Global,h_updating_graph_mask,none,040,98.27,0.650686,8,0.081335,2.08e-03,0.231103
Kernel,graph4096,Global,h_graph_visited,none,050,98.31,0.670622,8,0.083827,2.08e-03,0.243135
Kernel,graph4096,Global,h_cost,none,060,98.30,0.659038,8,0.082379,2.08e-03,0.231743
Kernel,graph4096,Global,none,cudaMemAdviseSetReadMostly,001,98.31,0.663707,8,0.082963,2.02e-03,0.238878
Kernel,graph4096,Global,h_graph_nodes,cudaMemAdviseSetReadMostly,011,97.55,0.451452,8,0.056431,2.02e-03,0.231231
Kernel,graph4096,Global,h_graph_edges,cudaMemAdviseSetReadMostly,021,99.02,1.212410,8,0.151551,2.43e-03,0.270206
Kernel,graph4096,Global,h_graph_mask,cudaMemAdviseSetReadMostly,031,97.61,0.460095,8,0.057511,2.02e-03,0.223839
Kernel,graph4096,Global,h_updating_graph_mask,cudaMemAdviseSetReadMostly,041,97.58,0.457503,8,0.057187,2.02e-03,0.222175
Kernel,graph4096,Global,h_graph_visited,cudaMemAdviseSetReadMostly,051,97.60,0.456191,8,0.057023,2.02e-03,0.214495
Kernel,graph4096,Global,h_cost,cudaMemAdviseSetReadMostly,061,50.39,0.146240,8,0.018280,4.16e-03,0.031264
Kernel,graph4096,Global,none,cudaMemAdviseSetPreferredLocationGPU,002,98.37,0.683004,8,0.085375,2.05e-03,0.232830
Kernel,graph4096,Global,h_graph_nodes,cudaMemAdviseSetPreferredLocationGPU,012,50.50,0.151199,8,0.018899,6.46e-03,0.051328
Kernel,graph4096,Global,h_graph_edges,cudaMemAdviseSetPreferredLocationGPU,022,50.44,0.150304,8,0.018788,6.53e-03,0.049248
Kernel,graph4096,Global,h_graph_mask,cudaMemAdviseSetPreferredLocationGPU,032,51.18,0.155679,8,0.019459,6.53e-03,0.055264
Kernel,graph4096,Global,h_updating_graph_mask,cudaMemAdviseSetPreferredLocationGPU,042,50.34,0.150143,8,0.018767,6.46e-03,0.049376
Kernel,graph4096,Global,h_graph_visited,cudaMemAdviseSetPreferredLocationGPU,052,50.18,0.150400,8,0.018800,6.56e-03,0.049440
Kernel,graph4096,Global,h_cost,cudaMemAdviseSetPreferredLocationGPU,062,50.32,0.150176,8,0.018772,6.53e-03,0.049216
Kernel,graph4096,Global,none,cudaMemAdviseSetAccessedByGPU,003,98.14,0.598014,8,0.074751,2.02e-03,0.219679
Kernel,graph4096,Global,h_graph_nodes,cudaMemAdviseSetAccessedByGPU,013,96.48,0.398591,8,0.049823,2.05e-03,0.157151
Kernel,graph4096,Global,h_graph_edges,cudaMemAdviseSetAccessedByGPU,023,84.52,0.249440,8,0.031180,2.43e-03,0.151200
Kernel,graph4096,Global,h_graph_mask,cudaMemAdviseSetAccessedByGPU,033,96.39,0.382335,8,0.047791,2.02e-03,0.148959
Kernel,graph4096,Global,h_updating_graph_mask,cudaMemAdviseSetAccessedByGPU,043,96.54,0.400447,8,0.050055,2.05e-03,0.159327
Kernel,graph4096,Global,h_graph_visited,cudaMemAdviseSetAccessedByGPU,053,96.35,0.382911,8,0.047863,2.05e-03,0.149247
Kernel,graph4096,Global,h_cost,cudaMemAdviseSetAccessedByGPU,063,87.54,0.361630,8,0.045203,2.43e-03,0.177759
Kernel,graph4096,Global,none,cudaMemAdviseSetPreferredLocationGPU,004,98.14,0.599134,8,0.074891,2.08e-03,0.218015
Kernel,graph4096,Global,h_graph_nodes,cudaMemAdviseSetPreferredLocationGPU,014,50.41,0.150719,8,0.018839,6.50e-03,0.050399
Kernel,graph4096,Global,h_graph_edges,cudaMemAdviseSetPreferredLocationGPU,024,50.04,0.149855,8,0.018731,6.50e-03,0.049855
Kernel,graph4096,Global,h_graph_mask,cudaMemAdviseSetPreferredLocationGPU,034,50.01,0.147968,8,0.018496,6.53e-03,0.047456
Kernel,graph4096,Global,h_updating_graph_mask,cudaMemAdviseSetPreferredLocationGPU,044,50.58,0.150880,8,0.018860,4.54e-03,0.032352
Kernel,graph4096,Global,h_graph_visited,cudaMemAdviseSetPreferredLocationGPU,054,50.36,0.149566,8,0.018695,6.62e-03,0.048799
Kernel,graph4096,Global,h_cost,cudaMemAdviseSetPreferredLocationGPU,064,50.76,0.154367,8,0.019295,6.53e-03,0.052640
Kernel,graph4096,Global,none,cudaMemAdviseSetPreferredLocationCPU,005,98.31,0.666525,8,0.083315,2.02e-03,0.239294
Kernel,graph4096,Global,h_graph_nodes,cudaMemAdviseSetPreferredLocationCPU,015,50.02,0.148223,8,0.018527,6.46e-03,0.046880
Kernel,graph4096,Global,h_graph_edges,cudaMemAdviseSetPreferredLocationCPU,025,50.17,0.149120,8,0.018640,6.43e-03,0.049184
Kernel,graph4096,Global,h_graph_mask,cudaMemAdviseSetPreferredLocationCPU,035,50.42,0.153152,8,0.019144,6.50e-03,0.052640
Kernel,graph4096,Global,h_updating_graph_mask,cudaMemAdviseSetPreferredLocationCPU,045,50.01,0.150207,8,0.018775,4.51e-03,0.032032
Kernel,graph4096,Global,h_graph_visited,cudaMemAdviseSetPreferredLocationCPU,055,50.27,0.150016,8,0.018752,4.51e-03,0.031584
Kernel,graph4096,Global,h_cost,cudaMemAdviseSetPreferredLocationCPU,065,50.08,0.150399,8,0.018799,6.43e-03,0.051039
Kernel,graph4096,Host,none,none,100,98.30,0.661308,8,0.082663,2.05e-03,0.233727
Kernel,graph4096,Host,h_graph_nodes,none,110,98.34,0.662462,8,0.082807,2.05e-03,0.240511
Kernel,graph4096,Host,h_graph_edges,none,120,98.31,0.664700,8,0.083087,2.05e-03,0.237790
Kernel,graph4096,Host,h_graph_mask,none,130,98.39,0.678876,8,0.084859,2.05e-03,0.252639
Kernel,graph4096,Host,h_updating_graph_mask,none,140,98.25,0.637950,8,0.079743,2.08e-03,0.232511
Kernel,graph4096,Host,h_graph_visited,none,150,98.25,0.632061,8,0.079007,2.05e-03,0.232894
Kernel,graph4096,Host,h_cost,none,160,98.28,0.660668,8,0.082583,2.05e-03,0.234367
Kernel,graph4096,Host,none,cudaMemAdviseSetReadMostly,101,98.31,0.653501,8,0.081687,1.98e-03,0.233503
Kernel,graph4096,Host,h_graph_nodes,cudaMemAdviseSetReadMostly,111,97.59,0.455612,8,0.056951,2.02e-03,0.219902
Kernel,graph4096,Host,h_graph_edges,cudaMemAdviseSetReadMostly,121,99.04,1.228440,8,0.153555,2.43e-03,0.261950
Kernel,graph4096,Host,h_graph_mask,cudaMemAdviseSetReadMostly,131,97.50,0.442524,8,0.055315,2.05e-03,0.208479
Kernel,graph4096,Host,h_updating_graph_mask,cudaMemAdviseSetReadMostly,141,97.52,0.442045,8,0.055255,2.02e-03,0.208415
Kernel,graph4096,Host,h_graph_visited,cudaMemAdviseSetReadMostly,151,97.47,0.438687,8,0.054835,2.02e-03,0.211263
Kernel,graph4096,Host,h_cost,cudaMemAdviseSetReadMostly,161,50.23,0.147775,8,0.018471,4.16e-03,0.031680
Kernel,graph4096,Host,none,cudaMemAdviseSetPreferredLocationGPU,102,98.34,0.663610,8,0.082951,2.05e-03,0.234974
Kernel,graph4096,Host,h_graph_nodes,cudaMemAdviseSetPreferredLocationGPU,112,50.15,0.149183,8,0.018647,6.53e-03,0.049503
Kernel,graph4096,Host,h_graph_edges,cudaMemAdviseSetPreferredLocationGPU,122,50.27,0.148320,8,0.018540,4.51e-03,0.031424
Kernel,graph4096,Host,h_graph_mask,cudaMemAdviseSetPreferredLocationGPU,132,50.04,0.147839,8,0.018479,4.54e-03,0.031296
Kernel,graph4096,Host,h_updating_graph_mask,cudaMemAdviseSetPreferredLocationGPU,142,50.43,0.150111,8,0.018763,4.51e-03,0.031775
Kernel,graph4096,Host,h_graph_visited,cudaMemAdviseSetPreferredLocationGPU,152,50.01,0.147743,8,0.018467,4.48e-03,0.031231
Kernel,graph4096,Host,h_cost,cudaMemAdviseSetPreferredLocationGPU,162,50.38,0.150015,8,0.018751,4.48e-03,0.031872
Kernel,graph4096,Host,none,cudaMemAdviseSetAccessedByGPU,103,98.20,0.626526,8,0.078315,2.02e-03,0.239455
Kernel,graph4096,Host,h_graph_nodes,cudaMemAdviseSetAccessedByGPU,113,95.86,0.337375,8,0.042171,2.05e-03,0.141727
Kernel,graph4096,Host,h_graph_edges,cudaMemAdviseSetAccessedByGPU,123,84.81,0.251966,8,0.031495,2.40e-03,0.154655
Kernel,graph4096,Host,h_graph_mask,cudaMemAdviseSetAccessedByGPU,133,96.40,0.388125,8,0.048515,2.05e-03,0.148703
Kernel,graph4096,Host,h_updating_graph_mask,cudaMemAdviseSetAccessedByGPU,143,96.52,0.397599,8,0.049699,2.05e-03,0.156255
Kernel,graph4096,Host,h_graph_visited,cudaMemAdviseSetAccessedByGPU,153,96.38,0.386719,8,0.048339,2.05e-03,0.158271
Kernel,graph4096,Host,h_cost,cudaMemAdviseSetAccessedByGPU,163,87.48,0.365951,8,0.045743,2.43e-03,0.187615
Kernel,graph4096,Host,none,cudaMemAdviseSetPreferredLocationGPU,104,98.30,0.645214,8,0.080651,2.05e-03,0.232319
Kernel,graph4096,Host,h_graph_nodes,cudaMemAdviseSetPreferredLocationGPU,114,50.05,0.148256,8,0.018532,4.54e-03,0.031520
Kernel,graph4096,Host,h_graph_edges,cudaMemAdviseSetPreferredLocationGPU,124,50.15,0.150080,8,0.018760,4.51e-03,0.031840
Kernel,graph4096,Host,h_graph_mask,cudaMemAdviseSetPreferredLocationGPU,134,50.76,0.150335,8,0.018791,4.51e-03,0.031967
Kernel,graph4096,Host,h_updating_graph_mask,cudaMemAdviseSetPreferredLocationGPU,144,50.11,0.148799,8,0.018599,6.46e-03,0.049024
Kernel,graph4096,Host,h_graph_visited,cudaMemAdviseSetPreferredLocationGPU,154,50.17,0.149983,8,0.018747,4.51e-03,0.031968
Kernel,graph4096,Host,h_cost,cudaMemAdviseSetPreferredLocationGPU,164,50.33,0.150367,8,0.018795,4.54e-03,0.031808
Kernel,graph4096,Host,none,cudaMemAdviseSetPreferredLocationCPU,105,98.30,0.655134,8,0.081891,1.98e-03,0.242015
Kernel,graph4096,Host,h_graph_nodes,cudaMemAdviseSetPreferredLocationCPU,115,50.08,0.148223,8,0.018527,4.51e-03,0.031264
Kernel,graph4096,Host,h_graph_edges,cudaMemAdviseSetPreferredLocationCPU,125,50.70,0.152191,8,0.019023,6.53e-03,0.050880
Kernel,graph4096,Host,h_graph_mask,cudaMemAdviseSetPreferredLocationCPU,135,50.29,0.149280,8,0.018660,6.50e-03,0.048288
Kernel,graph4096,Host,h_updating_graph_mask,cudaMemAdviseSetPreferredLocationCPU,145,50.30,0.149823,8,0.018727,6.50e-03,0.050368
Kernel,graph4096,Host,h_graph_visited,cudaMemAdviseSetPreferredLocationCPU,155,50.37,0.149536,8,0.018692,6.50e-03,0.049088
Kernel,graph4096,Host,h_cost,cudaMemAdviseSetPreferredLocationCPU,165,50.27,0.149503,8,0.018687,6.46e-03,0.048960
Kernel2,graph4096,Global,none,none,000,1.73,0.011616,8,1.45e-03,1.28e-03,1.70e-03
Kernel2,graph4096,Global,h_graph_nodes,none,010,1.72,0.011391,8,1.42e-03,1.22e-03,1.76e-03
Kernel2,graph4096,Global,h_graph_edges,none,020,1.70,0.011136,8,1.39e-03,1.18e-03,1.63e-03
Kernel2,graph4096,Global,h_graph_mask,none,030,1.73,0.011360,8,1.42e-03,1.22e-03,1.63e-03
Kernel2,graph4096,Global,h_updating_graph_mask,none,040,1.73,0.011455,8,1.43e-03,1.25e-03,1.70e-03
Kernel2,graph4096,Global,h_graph_visited,none,050,1.69,0.011520,8,1.44e-03,1.25e-03,1.73e-03
Kernel2,graph4096,Global,h_cost,none,060,1.70,0.011392,8,1.42e-03,1.22e-03,1.66e-03
Kernel2,graph4096,Global,none,cudaMemAdviseSetReadMostly,001,1.69,0.011424,8,1.43e-03,1.25e-03,1.73e-03
Kernel2,graph4096,Global,h_graph_nodes,cudaMemAdviseSetReadMostly,011,2.45,0.011328,8,1.42e-03,1.25e-03,1.70e-03
Kernel2,graph4096,Global,h_graph_edges,cudaMemAdviseSetReadMostly,021,0.98,0.012000,8,1.50e-03,1.28e-03,1.66e-03
Kernel2,graph4096,Global,h_graph_mask,cudaMemAdviseSetReadMostly,031,2.39,0.011264,8,1.41e-03,1.25e-03,1.70e-03
Kernel2,graph4096,Global,h_updating_graph_mask,cudaMemAdviseSetReadMostly,041,2.42,0.011328,8,1.42e-03,1.25e-03,1.73e-03
Kernel2,graph4096,Global,h_graph_visited,cudaMemAdviseSetReadMostly,051,2.40,0.011200,8,1.40e-03,1.25e-03,1.66e-03
Kernel2,graph4096,Global,h_cost,cudaMemAdviseSetReadMostly,061,50.39,0.146240,8,0.018280,4.16e-03,0.031264
Kernel2,graph4096,Global,none,cudaMemAdviseSetPreferredLocationGPU,002,1.63,0.011296,8,1.41e-03,1.22e-03,1.63e-03
Kernel2,graph4096,Global,h_graph_nodes,cudaMemAdviseSetPreferredLocationGPU,012,49.50,0.148191,8,0.018523,4.51e-03,0.031519
Kernel2,graph4096,Global,h_graph_edges,cudaMemAdviseSetPreferredLocationGPU,022,49.56,0.147680,8,0.018460,4.48e-03,0.031264
Kernel2,graph4096,Global,h_graph_mask,cudaMemAdviseSetPreferredLocationGPU,032,48.82,0.148511,8,0.018563,4.51e-03,0.031487
Kernel2,graph4096,Global,h_updating_graph_mask,cudaMemAdviseSetPreferredLocationGPU,042,49.66,0.148095,8,0.018511,4.51e-03,0.031264
Kernel2,graph4096,Global,h_graph_visited,cudaMemAdviseSetPreferredLocationGPU,052,49.82,0.149343,8,0.018667,4.51e-03,0.031552
Kernel2,graph4096,Global,h_cost,cudaMemAdviseSetPreferredLocationGPU,062,49.68,0.148254,8,0.018531,4.51e-03,0.031455
Kernel2,graph4096,Global,none,cudaMemAdviseSetAccessedByGPU,003,1.86,0.011360,8,1.42e-03,1.25e-03,1.66e-03
Kernel2,graph4096,Global,h_graph_nodes,cudaMemAdviseSetAccessedByGPU,013,3.52,0.014560,8,1.82e-03,1.25e-03,4.86e-03
Kernel2,graph4096,Global,h_graph_edges,cudaMemAdviseSetAccessedByGPU,023,15.48,0.045696,8,5.71e-03,1.28e-03,9.95e-03
Kernel2,graph4096,Global,h_graph_mask,cudaMemAdviseSetAccessedByGPU,033,3.61,0.014336,8,1.79e-03,1.22e-03,4.83e-03
Kernel2,graph4096,Global,h_updating_graph_mask,cudaMemAdviseSetAccessedByGPU,043,3.46,0.014336,8,1.79e-03,1.22e-03,4.83e-03
Kernel2,graph4096,Global,h_graph_visited,cudaMemAdviseSetAccessedByGPU,053,3.65,0.014496,8,1.81e-03,1.25e-03,4.86e-03
Kernel2,graph4096,Global,h_cost,cudaMemAdviseSetAccessedByGPU,063,12.46,0.051488,8,6.44e-03,1.28e-03,9.79e-03
Kernel2,graph4096,Global,none,cudaMemAdviseSetPreferredLocationGPU,004,1.86,0.011360,8,1.42e-03,1.22e-03,1.66e-03
Kernel2,graph4096,Global,h_graph_nodes,cudaMemAdviseSetPreferredLocationGPU,014,49.59,0.148288,8,0.018536,4.48e-03,0.031232
Kernel2,graph4096,Global,h_graph_edges,cudaMemAdviseSetPreferredLocationGPU,024,49.96,0.149632,8,0.018704,4.48e-03,0.031584
Kernel2,graph4096,Global,h_graph_mask,cudaMemAdviseSetPreferredLocationGPU,034,49.99,0.147903,8,0.018487,4.51e-03,0.031552
Kernel2,graph4096,Global,h_updating_graph_mask,cudaMemAdviseSetPreferredLocationGPU,044,50.58,0.150880,8,0.018860,4.54e-03,0.032352
Kernel2,graph4096,Global,h_graph_visited,cudaMemAdviseSetPreferredLocationGPU,054,49.64,0.147456,8,0.018432,4.51e-03,0.031264
Kernel2,graph4096,Global,h_cost,cudaMemAdviseSetPreferredLocationGPU,064,49.24,0.149759,8,0.018719,4.48e-03,0.031936
Kernel2,graph4096,Global,none,cudaMemAdviseSetPreferredLocationCPU,005,1.69,0.011487,8,1.43e-03,1.28e-03,1.66e-03
Kernel2,graph4096,Global,h_graph_nodes,cudaMemAdviseSetPreferredLocationCPU,015,49.98,0.148095,8,0.018511,4.54e-03,0.031328
Kernel2,graph4096,Global,h_graph_edges,cudaMemAdviseSetPreferredLocationCPU,025,49.83,0.148094,8,0.018511,4.51e-03,0.031360
Kernel2,graph4096,Global,h_graph_mask,cudaMemAdviseSetPreferredLocationCPU,035,49.58,0.150591,8,0.018823,4.54e-03,0.031808
Kernel2,graph4096,Global,h_updating_graph_mask,cudaMemAdviseSetPreferredLocationCPU,045,50.01,0.150207,8,0.018775,4.51e-03,0.032032
Kernel2,graph4096,Global,h_graph_visited,cudaMemAdviseSetPreferredLocationCPU,055,50.27,0.150016,8,0.018752,4.51e-03,0.031584
Kernel2,graph4096,Global,h_cost,cudaMemAdviseSetPreferredLocationCPU,065,49.92,0.149920,8,0.018740,4.54e-03,0.031808
Kernel2,graph4096,Host,none,none,100,1.70,0.011424,8,1.43e-03,1.25e-03,1.66e-03
Kernel2,graph4096,Host,h_graph_nodes,none,110,1.66,0.011200,8,1.40e-03,1.22e-03,1.63e-03
Kernel2,graph4096,Host,h_graph_edges,none,120,1.69,0.011456,8,1.43e-03,1.25e-03,1.66e-03
Kernel2,graph4096,Host,h_graph_mask,none,130,1.61,0.011136,8,1.39e-03,1.22e-03,1.60e-03
Kernel2,graph4096,Host,h_updating_graph_mask,none,140,1.75,0.011360,8,1.42e-03,1.22e-03,1.66e-03
Kernel2,graph4096,Host,h_graph_visited,none,150,1.75,0.011264,8,1.41e-03,1.22e-03,1.63e-03
Kernel2,graph4096,Host,h_cost,none,160,1.72,0.011552,8,1.44e-03,1.25e-03,1.86e-03
Kernel2,graph4096,Host,none,cudaMemAdviseSetReadMostly,101,1.69,0.011264,8,1.41e-03,1.25e-03,1.66e-03
Kernel2,graph4096,Host,h_graph_nodes,cudaMemAdviseSetReadMostly,111,2.41,0.011232,8,1.40e-03,1.25e-03,1.66e-03
Kernel2,graph4096,Host,h_graph_edges,cudaMemAdviseSetReadMostly,121,0.96,0.011968,8,1.50e-03,1.25e-03,1.66e-03
Kernel2,graph4096,Host,h_graph_mask,cudaMemAdviseSetReadMostly,131,2.50,0.011360,8,1.42e-03,1.28e-03,1.73e-03
Kernel2,graph4096,Host,h_updating_graph_mask,cudaMemAdviseSetReadMostly,141,2.48,0.011264,8,1.41e-03,1.25e-03,1.66e-03
Kernel2,graph4096,Host,h_graph_visited,cudaMemAdviseSetReadMostly,151,2.53,0.011392,8,1.42e-03,1.25e-03,1.66e-03
Kernel2,graph4096,Host,h_cost,cudaMemAdviseSetReadMostly,161,50.23,0.147775,8,0.018471,4.16e-03,0.031680
Kernel2,graph4096,Host,none,cudaMemAdviseSetPreferredLocationGPU,102,1.66,0.011232,8,1.40e-03,1.22e-03,1.63e-03
Kernel2,graph4096,Host,h_graph_nodes,cudaMemAdviseSetPreferredLocationGPU,112,49.85,0.148287,8,0.018535,4.58e-03,0.031616
Kernel2,graph4096,Host,h_graph_edges,cudaMemAdviseSetPreferredLocationGPU,122,50.27,0.148320,8,0.018540,4.51e-03,0.031424
Kernel2,graph4096,Host,h_graph_mask,cudaMemAdviseSetPreferredLocationGPU,132,50.04,0.147839,8,0.018479,4.54e-03,0.031296
Kernel2,graph4096,Host,h_updating_graph_mask,cudaMemAdviseSetPreferredLocationGPU,142,50.43,0.150111,8,0.018763,4.51e-03,0.031775
Kernel2,graph4096,Host,h_graph_visited,cudaMemAdviseSetPreferredLocationGPU,152,50.01,0.147743,8,0.018467,4.48e-03,0.031231
Kernel2,graph4096,Host,h_cost,cudaMemAdviseSetPreferredLocationGPU,162,50.38,0.150015,8,0.018751,4.48e-03,0.031872
Kernel2,graph4096,Host,none,cudaMemAdviseSetAccessedByGPU,103,1.80,0.011456,8,1.43e-03,1.25e-03,1.76e-03
Kernel2,graph4096,Host,h_graph_nodes,cudaMemAdviseSetAccessedByGPU,113,4.14,0.014560,8,1.82e-03,1.28e-03,4.83e-03
Kernel2,graph4096,Host,h_graph_edges,cudaMemAdviseSetAccessedByGPU,123,15.19,0.045120,8,5.64e-03,1.25e-03,0.010016
Kernel2,graph4096,Host,h_graph_mask,cudaMemAdviseSetAccessedByGPU,133,3.60,0.014496,8,1.81e-03,1.22e-03,4.93e-03
Kernel2,graph4096,Host,h_updating_graph_mask,cudaMemAdviseSetAccessedByGPU,143,3.48,0.014336,8,1.79e-03,1.25e-03,4.80e-03
Kernel2,graph4096,Host,h_graph_visited,cudaMemAdviseSetAccessedByGPU,153,3.62,0.014528,8,1.82e-03,1.25e-03,4.86e-03
Kernel2,graph4096,Host,h_cost,cudaMemAdviseSetAccessedByGPU,163,12.52,0.052351,8,6.54e-03,1.22e-03,9.73e-03
Kernel2,graph4096,Host,none,cudaMemAdviseSetPreferredLocationGPU,104,1.70,0.011168,8,1.40e-03,1.22e-03,1.63e-03
Kernel2,graph4096,Host,h_graph_nodes,cudaMemAdviseSetPreferredLocationGPU,114,50.05,0.148256,8,0.018532,4.54e-03,0.031520
Kernel2,graph4096,Host,h_graph_edges,cudaMemAdviseSetPreferredLocationGPU,124,50.15,0.150080,8,0.018760,4.51e-03,0.031840
Kernel2,graph4096,Host,h_graph_mask,cudaMemAdviseSetPreferredLocationGPU,134,50.76,0.150335,8,0.018791,4.51e-03,0.031967
Kernel2,graph4096,Host,h_updating_graph_mask,cudaMemAdviseSetPreferredLocationGPU,144,49.89,0.148128,8,0.018516,4.54e-03,0.031392
Kernel2,graph4096,Host,h_graph_visited,cudaMemAdviseSetPreferredLocationGPU,154,50.17,0.149983,8,0.018747,4.51e-03,0.031968
Kernel2,graph4096,Host,h_cost,cudaMemAdviseSetPreferredLocationGPU,164,50.33,0.150367,8,0.018795,4.54e-03,0.031808
Kernel2,graph4096,Host,none,cudaMemAdviseSetPreferredLocationCPU,105,1.70,0.011296,8,1.41e-03,1.22e-03,1.70e-03
Kernel2,graph4096,Host,h_graph_nodes,cudaMemAdviseSetPreferredLocationCPU,115,50.08,0.148223,8,0.018527,4.51e-03,0.031264
Kernel2,graph4096,Host,h_graph_edges,cudaMemAdviseSetPreferredLocationCPU,125,49.30,0.147999,8,0.018499,4.54e-03,0.031135
Kernel2,graph4096,Host,h_graph_mask,cudaMemAdviseSetPreferredLocationCPU,135,49.71,0.147550,8,0.018443,4.58e-03,0.031328
Kernel2,graph4096,Host,h_updating_graph_mask,cudaMemAdviseSetPreferredLocationCPU,145,49.70,0.148032,8,0.018504,4.48e-03,0.031136
Kernel2,graph4096,Host,h_graph_visited,cudaMemAdviseSetPreferredLocationCPU,155,49.63,0.147358,8,0.018419,4.48e-03,0.031264
Kernel2,graph4096,Host,h_cost,cudaMemAdviseSetPreferredLocationCPU,165,49.73,0.147903,8,0.018487,4.51e-03,0.031328
Kernel,graph65536,Global,none,none,000,83.38,1.385081,10,0.138508,2.18e-03,0.643388
Kernel,graph65536,Global,h_graph_nodes,none,010,81.76,1.538709,10,0.153870,2.18e-03,0.709595
Kernel,graph65536,Global,h_graph_edges,none,020,81.64,1.529656,10,0.152965,2.18e-03,0.709564
Kernel,graph65536,Global,h_graph_mask,none,030,82.18,1.547446,10,0.154744,2.18e-03,0.702011
Kernel,graph65536,Global,h_updating_graph_mask,none,040,81.37,1.486457,10,0.148645,2.14e-03,0.688028
Kernel,graph65536,Global,h_graph_visited,none,050,81.04,1.481463,10,0.148146,2.18e-03,0.689564
Kernel,graph65536,Global,h_cost,none,060,81.59,1.461367,10,0.146136,2.18e-03,0.673820
Kernel,graph65536,Global,none,cudaMemAdviseSetReadMostly,001,81.06,1.470584,10,0.147058,2.08e-03,0.677372
Kernel,graph65536,Global,h_graph_nodes,cudaMemAdviseSetReadMostly,011,80.98,1.470550,10,0.147055,2.11e-03,0.710908
Kernel,graph65536,Global,h_graph_edges,cudaMemAdviseSetReadMostly,021,72.96,1.164503,10,0.116450,2.11e-03,0.681115
Kernel,graph65536,Global,h_graph_mask,cudaMemAdviseSetReadMostly,031,81.11,1.457944,10,0.145794,2.14e-03,0.681052
Kernel,graph65536,Global,h_updating_graph_mask,cudaMemAdviseSetReadMostly,041,82.44,1.426968,10,0.142696,2.11e-03,0.671356
Kernel,graph65536,Global,h_graph_visited,cudaMemAdviseSetReadMostly,051,79.46,1.460888,10,0.146088,2.11e-03,0.658236
Kernel,graph65536,Global,h_cost,cudaMemAdviseSetReadMostly,061,97.63,37.82447,10,3.782447,2.24e-03,17.52815
Kernel,graph65536,Global,none,cudaMemAdviseSetPreferredLocationGPU,002,81.16,1.548183,10,0.154818,2.18e-03,0.707388
Kernel,graph65536,Global,h_graph_nodes,cudaMemAdviseSetPreferredLocationGPU,012,81.60,1.537656,10,0.153765,2.14e-03,0.728860
Kernel,graph65536,Global,h_graph_edges,cudaMemAdviseSetPreferredLocationGPU,022,77.39,1.488214,10,0.148821,2.18e-03,0.739515
Kernel,graph65536,Global,h_graph_mask,cudaMemAdviseSetPreferredLocationGPU,032,81.09,1.487607,10,0.148760,2.14e-03,0.683804
Kernel,graph65536,Global,h_updating_graph_mask,cudaMemAdviseSetPreferredLocationGPU,042,81.94,1.501718,10,0.150171,2.14e-03,0.687228
Kernel,graph65536,Global,h_graph_visited,cudaMemAdviseSetPreferredLocationGPU,052,81.19,1.432951,10,0.143295,2.08e-03,0.672156
Kernel,graph65536,Global,h_cost,cudaMemAdviseSetPreferredLocationGPU,062,78.31,1.473272,10,0.147327,2.14e-03,0.731836
Kernel,graph65536,Global,none,cudaMemAdviseSetAccessedByGPU,003,82.17,1.542966,10,0.154296,2.14e-03,0.691611
Kernel,graph65536,Global,h_graph_nodes,cudaMemAdviseSetAccessedByGPU,013,81.02,1.574807,10,0.157480,2.08e-03,0.659836
Kernel,graph65536,Global,h_graph_edges,cudaMemAdviseSetAccessedByGPU,023,75.76,1.377847,10,0.137784,2.11e-03,0.627036
Kernel,graph65536,Global,h_graph_mask,cudaMemAdviseSetAccessedByGPU,033,75.96,1.300441,10,0.130044,2.08e-03,0.501949
Kernel,graph65536,Global,h_updating_graph_mask,cudaMemAdviseSetAccessedByGPU,043,80.69,1.437465,10,0.143746,2.11e-03,0.628733
Kernel,graph65536,Global,h_graph_visited,cudaMemAdviseSetAccessedByGPU,053,79.29,1.369496,10,0.136949,2.08e-03,0.605533
Kernel,graph65536,Global,h_cost,cudaMemAdviseSetAccessedByGPU,063,66.73,1.277305,10,0.127730,2.11e-03,0.531037
Kernel,graph65536,Global,none,cudaMemAdviseSetPreferredLocationGPU,004,81.94,1.529782,10,0.152978,2.18e-03,0.703291
Kernel,graph65536,Global,h_graph_nodes,cudaMemAdviseSetPreferredLocationGPU,014,81.23,1.533686,10,0.153368,5.12e-03,0.670716
Kernel,graph65536,Global,h_graph_edges,cudaMemAdviseSetPreferredLocationGPU,024,73.99,1.279865,10,0.127986,5.09e-03,0.702428
Kernel,graph65536,Global,h_graph_mask,cudaMemAdviseSetPreferredLocationGPU,034,80.48,1.544984,10,0.154498,7.23e-03,0.680188
Kernel,graph65536,Global,h_updating_graph_mask,cudaMemAdviseSetPreferredLocationGPU,044,81.10,1.691190,10,0.169119,2.14e-03,0.637660
Kernel,graph65536,Global,h_graph_visited,cudaMemAdviseSetPreferredLocationGPU,054,82.67,1.854869,10,0.185486,5.47e-03,0.647228
Kernel,graph65536,Global,h_cost,cudaMemAdviseSetPreferredLocationGPU,064,84.02,2.235381,10,0.223538,2.18e-03,0.627165
Kernel,graph65536,Global,none,cudaMemAdviseSetPreferredLocationCPU,005,82.18,1.547927,10,0.154792,2.08e-03,0.701820
Kernel,graph65536,Global,h_graph_nodes,cudaMemAdviseSetPreferredLocationCPU,015,82.58,1.567128,10,0.156712,2.05e-03,0.747516
Kernel,graph65536,Global,h_graph_edges,cudaMemAdviseSetPreferredLocationCPU,025,77.79,1.466424,10,0.146642,2.11e-03,0.712956
Kernel,graph65536,Global,h_graph_mask,cudaMemAdviseSetPreferredLocationCPU,035,81.47,1.509561,10,0.150956,2.08e-03,0.713564
Kernel,graph65536,Global,h_updating_graph_mask,cudaMemAdviseSetPreferredLocationCPU,045,81.70,1.525110,10,0.152511,2.11e-03,0.696508
Kernel,graph65536,Global,h_graph_visited,cudaMemAdviseSetPreferredLocationCPU,055,81.31,1.507318,10,0.150731,2.11e-03,0.707611
Kernel,graph65536,Global,h_cost,cudaMemAdviseSetPreferredLocationCPU,065,78.79,1.488215,10,0.148821,2.14e-03,0.751099
Kernel,graph65536,Host,none,none,100,78.51,1.501206,10,0.150120,2.18e-03,0.691036
Kernel,graph65536,Host,h_graph_nodes,none,110,81.65,1.533558,10,0.153355,2.18e-03,0.689500
Kernel,graph65536,Host,h_graph_edges,none,120,81.47,1.475895,10,0.147589,2.21e-03,0.681308
Kernel,graph65536,Host,h_graph_mask,none,130,81.39,1.504183,10,0.150418,2.18e-03,0.695132
Kernel,graph65536,Host,h_updating_graph_mask,none,140,81.47,1.467223,10,0.146722,2.18e-03,0.674012
Kernel,graph65536,Host,h_graph_visited,none,150,81.34,1.453911,10,0.145391,2.18e-03,0.669948
Kernel,graph65536,Host,h_cost,none,160,81.59,1.520534,10,0.152053,2.21e-03,0.693340
Kernel,graph65536,Host,none,cudaMemAdviseSetReadMostly,101,81.65,1.534391,10,0.153439,2.11e-03,0.684220
Kernel,graph65536,Host,h_graph_nodes,cudaMemAdviseSetReadMostly,111,81.00,1.467480,10,0.146748,2.14e-03,0.709660
Kernel,graph65536,Host,h_graph_edges,cudaMemAdviseSetReadMostly,121,72.34,1.148793,10,0.114879,2.08e-03,0.686460
Kernel,graph65536,Host,h_graph_mask,cudaMemAdviseSetReadMostly,131,80.88,1.402041,10,0.140204,2.11e-03,0.657084
Kernel,graph65536,Host,h_updating_graph_mask,cudaMemAdviseSetReadMostly,141,80.79,1.413943,10,0.141394,2.11e-03,0.656732
Kernel,graph65536,Host,h_graph_visited,cudaMemAdviseSetReadMostly,151,79.24,1.404376,10,0.140437,2.11e-03,0.642108
Kernel,graph65536,Host,h_cost,cudaMemAdviseSetReadMostly,161,97.84,41.69217,10,4.169216,2.27e-03,19.41248
Kernel,graph65536,Host,none,cudaMemAdviseSetPreferredLocationGPU,102,81.55,1.523832,10,0.152383,2.18e-03,0.690012
Kernel,graph65536,Host,h_graph_nodes,cudaMemAdviseSetPreferredLocationGPU,112,81.35,1.445336,10,0.144533,2.08e-03,0.683868
Kernel,graph65536,Host,h_graph_edges,cudaMemAdviseSetPreferredLocationGPU,122,75.56,1.388311,10,0.138831,2.21e-03,0.697116
Kernel,graph65536,Host,h_graph_mask,cudaMemAdviseSetPreferredLocationGPU,132,81.21,1.441015,10,0.144101,2.11e-03,0.681212
Kernel,graph65536,Host,h_updating_graph_mask,cudaMemAdviseSetPreferredLocationGPU,142,81.24,1.439416,10,0.143941,2.11e-03,0.675964
Kernel,graph65536,Host,h_graph_visited,cudaMemAdviseSetPreferredLocationGPU,152,81.21,1.402329,10,0.140232,2.14e-03,0.646364
Kernel,graph65536,Host,h_cost,cudaMemAdviseSetPreferredLocationGPU,162,76.76,1.449047,10,0.144904,2.14e-03,0.714588
Kernel,graph65536,Host,none,cudaMemAdviseSetAccessedByGPU,103,82.14,1.545015,10,0.154501,2.11e-03,0.696284
Kernel,graph65536,Host,h_graph_nodes,cudaMemAdviseSetAccessedByGPU,113,81.47,1.602262,10,0.160226,2.14e-03,0.658140
Kernel,graph65536,Host,h_graph_edges,cudaMemAdviseSetAccessedByGPU,123,75.51,1.376631,10,0.137663,2.11e-03,0.633084
Kernel,graph65536,Host,h_graph_mask,cudaMemAdviseSetAccessedByGPU,133,76.29,1.462328,10,0.146232,2.08e-03,0.601308
Kernel,graph65536,Host,h_updating_graph_mask,cudaMemAdviseSetAccessedByGPU,143,80.54,1.435480,10,0.143548,2.11e-03,0.628860
Kernel,graph65536,Host,h_graph_visited,cudaMemAdviseSetAccessedByGPU,153,79.56,1.449367,10,0.144936,2.08e-03,0.632989
Kernel,graph65536,Host,h_cost,cudaMemAdviseSetAccessedByGPU,163,65.25,1.306520,10,0.130652,2.11e-03,0.537821
Kernel,graph65536,Host,none,cudaMemAdviseSetPreferredLocationGPU,104,81.85,1.449400,10,0.144940,2.21e-03,0.669660
Kernel,graph65536,Host,h_graph_nodes,cudaMemAdviseSetPreferredLocationGPU,114,81.52,1.607543,10,0.160754,5.09e-03,0.691292
Kernel,graph65536,Host,h_graph_edges,cudaMemAdviseSetPreferredLocationGPU,124,74.79,1.282328,10,0.128232,5.18e-03,0.695644
Kernel,graph65536,Host,h_graph_mask,cudaMemAdviseSetPreferredLocationGPU,134,80.18,1.455575,10,0.145557,7.68e-03,0.652796
Kernel,graph65536,Host,h_updating_graph_mask,cudaMemAdviseSetPreferredLocationGPU,144,80.34,1.674485,10,0.167448,2.14e-03,0.653660
Kernel,graph65536,Host,h_graph_visited,cudaMemAdviseSetPreferredLocationGPU,154,82.21,1.884213,10,0.188421,5.54e-03,0.679100
Kernel,graph65536,Host,h_cost,cudaMemAdviseSetPreferredLocationGPU,164,83.67,2.199379,10,0.219937,2.18e-03,0.618716
Kernel,graph65536,Host,none,cudaMemAdviseSetPreferredLocationCPU,105,81.05,1.446357,10,0.144635,2.08e-03,0.667740
Kernel,graph65536,Host,h_graph_nodes,cudaMemAdviseSetPreferredLocationCPU,115,82.01,1.488472,10,0.148847,2.08e-03,0.722716
Kernel,graph65536,Host,h_graph_edges,cudaMemAdviseSetPreferredLocationCPU,125,76.32,1.527925,10,0.152792,2.11e-03,0.749371
Kernel,graph65536,Host,h_graph_mask,cudaMemAdviseSetPreferredLocationCPU,135,81.69,1.464761,10,0.146476,2.08e-03,0.688508
Kernel,graph65536,Host,h_updating_graph_mask,cudaMemAdviseSetPreferredLocationCPU,145,82.43,1.517239,10,0.151723,2.08e-03,0.692316
Kernel,graph65536,Host,h_graph_visited,cudaMemAdviseSetPreferredLocationCPU,155,81.35,1.507958,10,0.150795,2.08e-03,0.697307
Kernel,graph65536,Host,h_cost,cudaMemAdviseSetPreferredLocationCPU,165,78.36,1.475479,10,0.147547,2.11e-03,0.757147
Kernel2,graph65536,Global,none,none,000,16.62,0.276063,10,0.027606,1.44e-03,0.088064
Kernel2,graph65536,Global,h_graph_nodes,none,010,18.24,0.343168,10,0.034316,1.44e-03,0.110272
Kernel2,graph65536,Global,h_graph_edges,none,020,18.36,0.343966,10,0.034396,1.44e-03,0.109888
Kernel2,graph65536,Global,h_graph_mask,none,030,17.82,0.335456,10,0.033545,1.44e-03,0.109184
Kernel2,graph65536,Global,h_updating_graph_mask,none,040,18.63,0.340285,10,0.034028,1.41e-03,0.108223
Kernel2,graph65536,Global,h_graph_visited,none,050,18.96,0.346557,10,0.034655,1.41e-03,0.115231
Kernel2,graph65536,Global,h_cost,none,060,18.41,0.329661,10,0.032966,1.41e-03,0.106847
Kernel2,graph65536,Global,none,cudaMemAdviseSetReadMostly,001,18.94,0.343709,10,0.034370,1.44e-03,0.110431
Kernel2,graph65536,Global,h_graph_nodes,cudaMemAdviseSetReadMostly,011,19.02,0.345504,10,0.034550,1.41e-03,0.111232
Kernel2,graph65536,Global,h_graph_edges,cudaMemAdviseSetReadMostly,021,27.04,0.431583,10,0.043158,1.41e-03,0.112160
Kernel2,graph65536,Global,h_graph_mask,cudaMemAdviseSetReadMostly,031,18.89,0.339518,10,0.033951,1.47e-03,0.109600
Kernel2,graph65536,Global,h_updating_graph_mask,cudaMemAdviseSetReadMostly,041,17.56,0.304031,10,0.030403,1.44e-03,0.106143
Kernel2,graph65536,Global,h_graph_visited,cudaMemAdviseSetReadMostly,051,20.54,0.377597,10,0.037759,1.41e-03,0.138687
Kernel2,graph65536,Global,h_cost,cudaMemAdviseSetReadMostly,061,2.37,0.916920,10,0.091692,1.25e-03,0.143871
Kernel2,graph65536,Global,none,cudaMemAdviseSetPreferredLocationGPU,002,18.84,0.359295,10,0.035929,1.44e-03,0.121472
Kernel2,graph65536,Global,h_graph_nodes,cudaMemAdviseSetPreferredLocationGPU,012,18.40,0.346717,10,0.034671,1.41e-03,0.111487
Kernel2,graph65536,Global,h_graph_edges,cudaMemAdviseSetPreferredLocationGPU,022,22.61,0.434815,10,0.043481,1.44e-03,0.131711
Kernel2,graph65536,Global,h_graph_mask,cudaMemAdviseSetPreferredLocationGPU,032,18.91,0.347008,10,0.034700,1.41e-03,0.109856
Kernel2,graph65536,Global,h_updating_graph_mask,cudaMemAdviseSetPreferredLocationGPU,042,18.06,0.330975,10,0.033097,1.41e-03,0.109312
Kernel2,graph65536,Global,h_graph_visited,cudaMemAdviseSetPreferredLocationGPU,052,18.81,0.331902,10,0.033190,1.41e-03,0.104159
Kernel2,graph65536,Global,h_cost,cudaMemAdviseSetPreferredLocationGPU,062,21.69,0.408028,10,0.040802,1.41e-03,0.113855
Kernel2,graph65536,Global,none,cudaMemAdviseSetAccessedByGPU,003,17.83,0.334880,10,0.033488,1.41e-03,0.110368
Kernel2,graph65536,Global,h_graph_nodes,cudaMemAdviseSetAccessedByGPU,013,18.98,0.368895,10,0.036889,1.41e-03,0.132256
Kernel2,graph65536,Global,h_graph_edges,cudaMemAdviseSetAccessedByGPU,023,24.24,0.440764,10,0.044076,1.44e-03,0.119424
Kernel2,graph65536,Global,h_graph_mask,cudaMemAdviseSetAccessedByGPU,033,24.04,0.411484,10,0.041148,1.44e-03,0.148095
Kernel2,graph65536,Global,h_updating_graph_mask,cudaMemAdviseSetAccessedByGPU,043,19.31,0.343902,10,0.034390,1.44e-03,0.109407
Kernel2,graph65536,Global,h_graph_visited,cudaMemAdviseSetAccessedByGPU,053,20.71,0.357726,10,0.035772,1.44e-03,0.125471
Kernel2,graph65536,Global,h_cost,cudaMemAdviseSetAccessedByGPU,063,33.27,0.636859,10,0.063685,1.44e-03,0.240862
Kernel2,graph65536,Global,none,cudaMemAdviseSetPreferredLocationGPU,004,18.06,0.337216,10,0.033721,1.44e-03,0.110272
Kernel2,graph65536,Global,h_graph_nodes,cudaMemAdviseSetPreferredLocationGPU,014,18.77,0.354398,10,0.035439,1.41e-03,0.126112
Kernel2,graph65536,Global,h_graph_edges,cudaMemAdviseSetPreferredLocationGPU,024,26.01,0.449949,10,0.044994,1.44e-03,0.183231
Kernel2,graph65536,Global,h_graph_mask,cudaMemAdviseSetPreferredLocationGPU,034,19.52,0.374813,10,0.037481,1.44e-03,0.116511
Kernel2,graph65536,Global,h_updating_graph_mask,cudaMemAdviseSetPreferredLocationGPU,044,18.90,0.394237,10,0.039423,7.14e-03,0.126303
Kernel2,graph65536,Global,h_graph_visited,cudaMemAdviseSetPreferredLocationGPU,054,17.33,0.388957,10,0.038895,1.44e-03,0.128479
Kernel2,graph65536,Global,h_cost,cudaMemAdviseSetPreferredLocationGPU,064,15.98,0.425213,10,0.042521,1.41e-03,0.124479
Kernel2,graph65536,Global,none,cudaMemAdviseSetPreferredLocationCPU,005,17.82,0.335552,10,0.033555,1.44e-03,0.109120
Kernel2,graph65536,Global,h_graph_nodes,cudaMemAdviseSetPreferredLocationCPU,015,17.42,0.330589,10,0.033058,1.44e-03,0.109279
Kernel2,graph65536,Global,h_graph_edges,cudaMemAdviseSetPreferredLocationCPU,025,22.21,0.418684,10,0.041868,1.44e-03,0.104895
Kernel2,graph65536,Global,h_graph_mask,cudaMemAdviseSetPreferredLocationCPU,035,18.53,0.343453,10,0.034345,1.41e-03,0.110335
Kernel2,graph65536,Global,h_updating_graph_mask,cudaMemAdviseSetPreferredLocationCPU,045,18.30,0.341629,10,0.034162,1.44e-03,0.110271
Kernel2,graph65536,Global,h_graph_visited,cudaMemAdviseSetPreferredLocationCPU,055,18.69,0.346432,10,0.034643,1.44e-03,0.111104
Kernel2,graph65536,Global,h_cost,cudaMemAdviseSetPreferredLocationCPU,065,21.21,0.400543,10,0.040054,1.44e-03,0.101280
Kernel2,graph65536,Host,none,none,100,21.49,0.410910,10,0.041091,1.44e-03,0.137855
Kernel2,graph65536,Host,h_graph_nodes,none,110,18.35,0.344638,10,0.034463,1.44e-03,0.110207
Kernel2,graph65536,Host,h_graph_edges,none,120,18.53,0.335646,10,0.033564,1.44e-03,0.107584
Kernel2,graph65536,Host,h_graph_mask,none,130,18.61,0.343933,10,0.034393,1.44e-03,0.111839
Kernel2,graph65536,Host,h_updating_graph_mask,none,140,18.53,0.333695,10,0.033369,1.44e-03,0.108768
Kernel2,graph65536,Host,h_graph_visited,none,150,18.66,0.333598,10,0.033359,1.41e-03,0.108960
Kernel2,graph65536,Host,h_cost,none,160,18.41,0.343167,10,0.034316,1.44e-03,0.109248
Kernel2,graph65536,Host,none,cudaMemAdviseSetReadMostly,101,18.35,0.344862,10,0.034486,1.44e-03,0.110271
Kernel2,graph65536,Host,h_graph_nodes,cudaMemAdviseSetReadMostly,111,19.00,0.344286,10,0.034428,1.44e-03,0.109215
Kernel2,graph65536,Host,h_graph_edges,cudaMemAdviseSetReadMostly,121,27.66,0.439292,10,0.043929,1.47e-03,0.109215
Kernel2,graph65536,Host,h_graph_mask,cudaMemAdviseSetReadMostly,131,19.12,0.331422,10,0.033142,1.44e-03,0.106143
Kernel2,graph65536,Host,h_updating_graph_mask,cudaMemAdviseSetReadMostly,141,19.21,0.336253,10,0.033625,1.44e-03,0.106431
Kernel2,graph65536,Host,h_graph_visited,cudaMemAdviseSetReadMostly,151,20.76,0.368029,10,0.036802,1.44e-03,0.133727
Kernel2,graph65536,Host,h_cost,cudaMemAdviseSetReadMostly,161,2.16,0.919161,10,0.091916,1.25e-03,0.137567
Kernel2,graph65536,Host,none,cudaMemAdviseSetPreferredLocationGPU,102,18.45,0.344861,10,0.034486,1.44e-03,0.110719
Kernel2,graph65536,Host,h_graph_nodes,cudaMemAdviseSetPreferredLocationGPU,112,18.65,0.331390,10,0.033139,1.44e-03,0.107007
Kernel2,graph65536,Host,h_graph_edges,cudaMemAdviseSetPreferredLocationGPU,122,24.44,0.449052,10,0.044905,1.44e-03,0.135999
Kernel2,graph65536,Host,h_graph_mask,cudaMemAdviseSetPreferredLocationGPU,132,18.79,0.333439,10,0.033343,1.41e-03,0.106176
Kernel2,graph65536,Host,h_updating_graph_mask,cudaMemAdviseSetPreferredLocationGPU,142,18.76,0.332286,10,0.033228,1.41e-03,0.106528
Kernel2,graph65536,Host,h_graph_visited,cudaMemAdviseSetPreferredLocationGPU,152,18.79,0.324542,10,0.032454,1.44e-03,0.106175
Kernel2,graph65536,Host,h_cost,cudaMemAdviseSetPreferredLocationGPU,162,23.24,0.438783,10,0.043878,1.41e-03,0.122464
Kernel2,graph65536,Host,none,cudaMemAdviseSetAccessedByGPU,103,17.86,0.335870,10,0.033587,1.44e-03,0.109216
Kernel2,graph65536,Host,h_graph_nodes,cudaMemAdviseSetAccessedByGPU,113,18.53,0.364541,10,0.036454,1.44e-03,0.130143
Kernel2,graph65536,Host,h_graph_edges,cudaMemAdviseSetAccessedByGPU,123,24.49,0.446366,10,0.044636,1.44e-03,0.118656
Kernel2,graph65536,Host,h_graph_mask,cudaMemAdviseSetAccessedByGPU,133,23.71,0.454557,10,0.045455,1.41e-03,0.171807
Kernel2,graph65536,Host,h_updating_graph_mask,cudaMemAdviseSetAccessedByGPU,143,19.46,0.346909,10,0.034690,1.44e-03,0.110431
Kernel2,graph65536,Host,h_graph_visited,cudaMemAdviseSetAccessedByGPU,153,20.44,0.372447,10,0.037244,1.41e-03,0.130560
Kernel2,graph65536,Host,h_cost,cudaMemAdviseSetAccessedByGPU,163,34.75,0.695901,10,0.069590,1.44e-03,0.246943
Kernel2,graph65536,Host,none,cudaMemAdviseSetPreferredLocationGPU,104,18.15,0.321438,10,0.032143,1.44e-03,0.105055
Kernel2,graph65536,Host,h_graph_nodes,cudaMemAdviseSetPreferredLocationGPU,114,18.48,0.364350,10,0.036435,1.41e-03,0.130079
Kernel2,graph65536,Host,h_graph_edges,cudaMemAdviseSetPreferredLocationGPU,124,25.21,0.432253,10,0.043225,1.41e-03,0.174591
Kernel2,graph65536,Host,h_graph_mask,cudaMemAdviseSetPreferredLocationGPU,134,19.82,0.359871,10,0.035987,1.44e-03,0.111872
Kernel2,graph65536,Host,h_updating_graph_mask,cudaMemAdviseSetPreferredLocationGPU,144,19.66,0.409725,10,0.040972,7.14e-03,0.132351
Kernel2,graph65536,Host,h_graph_visited,cudaMemAdviseSetPreferredLocationGPU,154,17.79,0.407677,10,0.040767,1.44e-03,0.131583
Kernel2,graph65536,Host,h_cost,cudaMemAdviseSetPreferredLocationGPU,164,16.33,0.429214,10,0.042921,1.44e-03,0.125152
Kernel2,graph65536,Host,none,cudaMemAdviseSetPreferredLocationCPU,105,18.95,0.338174,10,0.033817,1.44e-03,0.109024
Kernel2,graph65536,Host,h_graph_nodes,cudaMemAdviseSetPreferredLocationCPU,115,17.99,0.326589,10,0.032658,1.44e-03,0.104031
Kernel2,graph65536,Host,h_graph_edges,cudaMemAdviseSetPreferredLocationCPU,125,23.68,0.473948,10,0.047394,1.44e-03,0.131679
Kernel2,graph65536,Host,h_graph_mask,cudaMemAdviseSetPreferredLocationCPU,135,18.31,0.328381,10,0.032838,1.44e-03,0.108287
Kernel2,graph65536,Host,h_updating_graph_mask,cudaMemAdviseSetPreferredLocationCPU,145,17.57,0.323325,10,0.032332,1.44e-03,0.110655
Kernel2,graph65536,Host,h_graph_visited,cudaMemAdviseSetPreferredLocationCPU,155,18.65,0.345792,10,0.034579,1.44e-03,0.109408
Kernel2,graph65536,Host,h_cost,cudaMemAdviseSetPreferredLocationCPU,165,21.64,0.407549,10,0.040754,1.44e-03,0.112959
Kernel,graph1MW_6,Global,none,none,000,97.55,12.51027,12,1.042522,6.11e-03,3.699907
Kernel,graph1MW_6,Global,h_graph_nodes,none,010,97.43,11.68788,12,0.973989,6.21e-03,3.445061
Kernel,graph1MW_6,Global,h_graph_edges,none,020,97.61,12.70790,12,1.058992,6.30e-03,3.682820
Kernel,graph1MW_6,Global,h_graph_mask,none,030,97.61,12.66707,12,1.055589,6.27e-03,3.821218
Kernel,graph1MW_6,Global,h_updating_graph_mask,none,040,97.62,12.79424,12,1.066186,6.08e-03,3.797219
Kernel,graph1MW_6,Global,h_graph_visited,none,050,97.65,12.92307,12,1.076922,6.18e-03,4.082177
Kernel,graph1MW_6,Global,h_cost,none,060,97.44,11.75658,12,0.979715,6.21e-03,3.446054
Kernel,graph1MW_6,Global,none,cudaMemAdviseSetReadMostly,001,97.70,13.17996,12,1.098330,6.18e-03,3.943074
Kernel,graph1MW_6,Global,h_graph_nodes,cudaMemAdviseSetReadMostly,011,97.06,10.18690,12,0.848908,6.14e-03,3.225255
Kernel,graph1MW_6,Global,h_graph_edges,cudaMemAdviseSetReadMostly,021,96.00,7.386343,12,0.615528,6.21e-03,1.653460
Kernel,graph1MW_6,Global,h_graph_mask,cudaMemAdviseSetReadMostly,031,64.77,24.43729,12,2.036440,0.062784,3.954401
Kernel,graph1MW_6,Global,h_updating_graph_mask,cudaMemAdviseSetReadMostly,041,94.59,14.32069,12,1.193390,7.10e-03,3.920546
Kernel,graph1MW_6,Global,h_graph_visited,cudaMemAdviseSetReadMostly,051,53.28,12.33741,12,1.028117,7.55e-03,3.463205
Kernel,graph1MW_6,Global,h_cost,cudaMemAdviseSetReadMostly,061,99.96,1.08e+03,12,89.77776,6.56e-03,562.2653
Kernel,graph1MW_6,Global,none,cudaMemAdviseSetPreferredLocationGPU,002,97.40,11.60407,12,0.967005,6.30e-03,3.353509
Kernel,graph1MW_6,Global,h_graph_nodes,cudaMemAdviseSetPreferredLocationGPU,012,97.59,12.60601,12,1.050501,6.21e-03,3.753891
Kernel,graph1MW_6,Global,h_graph_edges,cudaMemAdviseSetPreferredLocationGPU,022,97.61,12.67303,12,1.056085,6.14e-03,3.875235
Kernel,graph1MW_6,Global,h_graph_mask,cudaMemAdviseSetPreferredLocationGPU,032,93.68,11.89220,12,0.991016,6.27e-03,3.429798
Kernel,graph1MW_6,Global,h_updating_graph_mask,cudaMemAdviseSetPreferredLocationGPU,042,94.93,11.52420,12,0.960350,6.24e-03,3.247431
Kernel,graph1MW_6,Global,h_graph_visited,cudaMemAdviseSetPreferredLocationGPU,052,97.58,12.57379,12,1.047815,6.18e-03,3.608516
Kernel,graph1MW_6,Global,h_cost,cudaMemAdviseSetPreferredLocationGPU,062,97.42,11.65425,12,0.971187,6.14e-03,3.329830
Kernel,graph1MW_6,Global,none,cudaMemAdviseSetAccessedByGPU,003,97.57,12.48336,12,1.040279,6.27e-03,3.770371
Kernel,graph1MW_6,Global,h_graph_nodes,cudaMemAdviseSetAccessedByGPU,013,97.68,13.08566,12,1.090471,6.05e-03,3.912674
Kernel,graph1MW_6,Global,h_graph_edges,cudaMemAdviseSetAccessedByGPU,023,98.00,15.18228,12,1.265190,6.30e-03,8.388511
Kernel,graph1MW_6,Global,h_graph_mask,cudaMemAdviseSetAccessedByGPU,033,93.86,12.16308,12,1.013589,6.30e-03,3.528901
Kernel,graph1MW_6,Global,h_updating_graph_mask,cudaMemAdviseSetAccessedByGPU,043,85.57,11.51927,12,0.959939,6.27e-03,3.533413
Kernel,graph1MW_6,Global,h_graph_visited,cudaMemAdviseSetAccessedByGPU,053,97.49,12.50643,12,1.042202,6.27e-03,3.873058
Kernel,graph1MW_6,Global,h_cost,cudaMemAdviseSetAccessedByGPU,063,96.85,10.99669,12,0.916390,6.30e-03,3.359110
Kernel,graph1MW_6,Global,none,cudaMemAdviseSetPreferredLocationGPU,004,97.59,12.58854,12,1.049045,6.21e-03,3.894978
Kernel,graph1MW_6,Global,h_graph_nodes,cudaMemAdviseSetPreferredLocationGPU,014,97.40,11.56490,12,0.963742,7.74e-03,3.769347
Kernel,graph1MW_6,Global,h_graph_edges,cudaMemAdviseSetPreferredLocationGPU,024,96.58,8.653118,12,0.721093,8.10e-03,1.520852
Kernel,graph1MW_6,Global,h_graph_mask,cudaMemAdviseSetPreferredLocationGPU,034,93.40,13.26706,12,1.105588,0.045696,3.671908
Kernel,graph1MW_6,Global,h_updating_graph_mask,cudaMemAdviseSetPreferredLocationGPU,044,66.01,15.72154,12,1.310128,9.15e-03,3.573796
Kernel,graph1MW_6,Global,h_graph_visited,cudaMemAdviseSetPreferredLocationGPU,054,97.57,16.50346,12,1.375288,7.84e-03,3.410886
Kernel,graph1MW_6,Global,h_cost,cudaMemAdviseSetPreferredLocationGPU,064,98.04,15.57313,12,1.297760,6.08e-03,3.729027
Kernel,graph1MW_6,Global,none,cudaMemAdviseSetPreferredLocationCPU,005,97.62,12.80227,12,1.066855,6.18e-03,4.023137
Kernel,graph1MW_6,Global,h_graph_nodes,cudaMemAdviseSetPreferredLocationCPU,015,97.45,12.18893,12,1.015744,6.24e-03,3.719395
Kernel,graph1MW_6,Global,h_graph_edges,cudaMemAdviseSetPreferredLocationCPU,025,97.67,12.94860,12,1.079050,6.11e-03,3.976161
Kernel,graph1MW_6,Global,h_graph_mask,cudaMemAdviseSetPreferredLocationCPU,035,93.35,12.73414,12,1.061178,6.24e-03,3.692612
Kernel,graph1MW_6,Global,h_updating_graph_mask,cudaMemAdviseSetPreferredLocationCPU,045,94.02,12.55296,12,1.046079,6.18e-03,3.715779
Kernel,graph1MW_6,Global,h_graph_visited,cudaMemAdviseSetPreferredLocationCPU,055,97.66,12.97680,12,1.081399,6.27e-03,3.788035
Kernel,graph1MW_6,Global,h_cost,cudaMemAdviseSetPreferredLocationCPU,065,97.47,11.79953,12,0.983293,6.05e-03,3.228455
Kernel,graph1MW_6,Host,none,none,100,97.38,11.44580,12,0.953816,6.11e-03,3.272646
Kernel,graph1MW_6,Host,h_graph_nodes,none,110,97.64,12.88963,12,1.074135,6.18e-03,3.865570
Kernel,graph1MW_6,Host,h_graph_edges,none,120,97.46,11.81360,12,0.984466,6.21e-03,3.400549
Kernel,graph1MW_6,Host,h_graph_mask,none,130,97.40,11.54705,12,0.962253,6.21e-03,3.364742
Kernel,graph1MW_6,Host,h_updating_graph_mask,none,140,97.47,11.94669,12,0.995557,6.21e-03,3.503845
Kernel,graph1MW_6,Host,h_graph_visited,none,150,97.56,12.36691,12,1.030576,6.05e-03,3.613892
Kernel,graph1MW_6,Host,h_cost,none,160,97.40,11.57825,12,0.964853,6.30e-03,3.261734
Kernel,graph1MW_6,Host,none,cudaMemAdviseSetReadMostly,101,97.46,11.87674,12,0.989728,6.27e-03,3.626852
Kernel,graph1MW_6,Host,h_graph_nodes,cudaMemAdviseSetReadMostly,111,97.33,11.39982,12,0.949984,6.34e-03,3.792995
Kernel,graph1MW_6,Host,h_graph_edges,cudaMemAdviseSetReadMostly,121,96.18,7.853923,12,0.654493,6.18e-03,1.870481
Kernel,graph1MW_6,Host,h_graph_mask,cudaMemAdviseSetReadMostly,131,64.02,22.57141,12,1.880950,0.064576,4.207008
Kernel,graph1MW_6,Host,h_updating_graph_mask,cudaMemAdviseSetReadMostly,141,94.07,13.10646,12,1.092204,7.14e-03,3.337606
Kernel,graph1MW_6,Host,h_graph_visited,cudaMemAdviseSetReadMostly,151,51.36,11.41412,12,0.951176,7.46e-03,3.223367
Kernel,graph1MW_6,Host,h_cost,cudaMemAdviseSetReadMostly,161,99.96,1.02e+03,12,84.75620,6.46e-03,520.8872
Kernel,graph1MW_6,Host,none,cudaMemAdviseSetPreferredLocationGPU,102,97.55,12.32787,12,1.027322,6.21e-03,3.822499
Kernel,graph1MW_6,Host,h_graph_nodes,cudaMemAdviseSetPreferredLocationGPU,112,97.59,12.59868,12,1.049890,6.21e-03,3.880354
Kernel,graph1MW_6,Host,h_graph_edges,cudaMemAdviseSetPreferredLocationGPU,122,97.42,11.67034,12,0.972528,6.21e-03,3.400134
Kernel,graph1MW_6,Host,h_graph_mask,cudaMemAdviseSetPreferredLocationGPU,132,93.39,12.14551,12,1.012125,6.24e-03,3.579972
Kernel,graph1MW_6,Host,h_updating_graph_mask,cudaMemAdviseSetPreferredLocationGPU,142,94.80,11.51127,12,0.959272,6.18e-03,3.335302
Kernel,graph1MW_6,Host,h_graph_visited,cudaMemAdviseSetPreferredLocationGPU,152,97.31,11.14599,12,0.928832,6.18e-03,3.121575
Kernel,graph1MW_6,Host,h_cost,cudaMemAdviseSetPreferredLocationGPU,162,97.38,11.40014,12,0.950011,6.11e-03,3.262759
Kernel,graph1MW_6,Host,none,cudaMemAdviseSetAccessedByGPU,103,97.44,11.76366,12,0.980304,6.34e-03,3.426246
Kernel,graph1MW_6,Host,h_graph_nodes,cudaMemAdviseSetAccessedByGPU,113,97.51,12.21383,12,1.017818,6.08e-03,3.615140
Kernel,graph1MW_6,Host,h_graph_edges,cudaMemAdviseSetAccessedByGPU,123,97.49,11.91680,12,0.993067,6.30e-03,6.858923
Kernel,graph1MW_6,Host,h_graph_mask,cudaMemAdviseSetAccessedByGPU,133,94.13,11.45348,12,0.954456,6.27e-03,3.449989
Kernel,graph1MW_6,Host,h_updating_graph_mask,cudaMemAdviseSetAccessedByGPU,143,83.88,11.61748,12,0.968123,6.30e-03,3.310438
Kernel,graph1MW_6,Host,h_graph_visited,cudaMemAdviseSetAccessedByGPU,153,97.51,12.76979,12,1.064149,6.21e-03,3.822275
Kernel,graph1MW_6,Host,h_cost,cudaMemAdviseSetAccessedByGPU,163,97.14,12.13808,12,1.011506,6.02e-03,3.827810
Kernel,graph1MW_6,Host,none,cudaMemAdviseSetPreferredLocationGPU,104,97.56,12.45286,12,1.037738,6.18e-03,3.701891
Kernel,graph1MW_6,Host,h_graph_nodes,cudaMemAdviseSetPreferredLocationGPU,114,97.40,11.64090,12,0.970075,8.77e-03,4.097409
Kernel,graph1MW_6,Host,h_graph_edges,cudaMemAdviseSetPreferredLocationGPU,124,96.63,8.816412,12,0.734701,7.84e-03,1.637363
Kernel,graph1MW_6,Host,h_graph_mask,cudaMemAdviseSetPreferredLocationGPU,134,93.30,12.64365,12,1.053637,0.047488,3.502693
Kernel,graph1MW_6,Host,h_updating_graph_mask,cudaMemAdviseSetPreferredLocationGPU,144,66.43,16.06688,12,1.338907,9.18e-03,3.647556
Kernel,graph1MW_6,Host,h_graph_visited,cudaMemAdviseSetPreferredLocationGPU,154,97.53,16.94733,12,1.412277,8.10e-03,3.666212
Kernel,graph1MW_6,Host,h_cost,cudaMemAdviseSetPreferredLocationGPU,164,98.03,15.51281,12,1.292734,6.18e-03,3.644132
Kernel,graph1MW_6,Host,none,cudaMemAdviseSetPreferredLocationCPU,105,97.56,12.44525,12,1.037104,6.08e-03,3.572324
Kernel,graph1MW_6,Host,h_graph_nodes,cudaMemAdviseSetPreferredLocationCPU,115,97.52,12.13476,12,1.011229,5.98e-03,3.432133
Kernel,graph1MW_6,Host,h_graph_edges,cudaMemAdviseSetPreferredLocationCPU,125,97.88,14.38399,12,1.198665,6.30e-03,4.552669
Kernel,graph1MW_6,Host,h_graph_mask,cudaMemAdviseSetPreferredLocationCPU,135,93.32,11.77415,12,0.981179,6.24e-03,3.263143
Kernel,graph1MW_6,Host,h_updating_graph_mask,cudaMemAdviseSetPreferredLocationCPU,145,94.05,12.43814,12,1.036511,6.11e-03,3.561636
Kernel,graph1MW_6,Host,h_graph_visited,cudaMemAdviseSetPreferredLocationCPU,155,97.55,12.31543,12,1.026285,6.27e-03,3.504325
Kernel,graph1MW_6,Host,h_cost,cudaMemAdviseSetPreferredLocationCPU,165,97.50,12.00378,12,1.000315,6.21e-03,3.445542
Kernel2,graph1MW_6,Global,none,none,000,2.45,0.314557,12,0.026213,4.80e-03,0.059327
Kernel2,graph1MW_6,Global,h_graph_nodes,none,010,2.57,0.307807,12,0.025650,4.83e-03,0.054240
Kernel2,graph1MW_6,Global,h_graph_edges,none,020,2.39,0.311742,12,0.025978,4.80e-03,0.056287
Kernel2,graph1MW_6,Global,h_graph_mask,none,030,2.39,0.310782,12,0.025898,4.80e-03,0.055712
Kernel2,graph1MW_6,Global,h_updating_graph_mask,none,040,2.38,0.312158,12,0.026013,4.83e-03,0.055807
Kernel2,graph1MW_6,Global,h_graph_visited,none,050,2.35,0.310554,12,0.025879,4.80e-03,0.055584
Kernel2,graph1MW_6,Global,h_cost,none,060,2.56,0.308735,12,0.025727,4.77e-03,0.054144
Kernel2,graph1MW_6,Global,none,cudaMemAdviseSetReadMostly,001,2.30,0.310588,12,0.025882,4.77e-03,0.055519
Kernel2,graph1MW_6,Global,h_graph_nodes,cudaMemAdviseSetReadMostly,011,2.94,0.308670,12,0.025722,4.80e-03,0.054208
Kernel2,graph1MW_6,Global,h_graph_edges,cudaMemAdviseSetReadMostly,021,4.00,0.307711,12,0.025642,4.80e-03,0.054272
Kernel2,graph1MW_6,Global,h_graph_mask,cudaMemAdviseSetReadMostly,031,35.23,13.29318,12,1.107764,0.091551,2.878698
Kernel2,graph1MW_6,Global,h_updating_graph_mask,cudaMemAdviseSetReadMostly,041,5.41,0.818744,12,0.068228,6.43e-03,0.282654
Kernel2,graph1MW_6,Global,h_graph_visited,cudaMemAdviseSetReadMostly,051,46.72,10.81742,12,0.901451,0.086879,2.085168
Kernel2,graph1MW_6,Global,h_cost,cudaMemAdviseSetReadMostly,061,0.04,0.422110,12,0.035175,5.38e-03,0.132543
Kernel2,graph1MW_6,Global,none,cudaMemAdviseSetPreferredLocationGPU,002,2.60,0.309248,12,0.025770,4.80e-03,0.054112
Kernel2,graph1MW_6,Global,h_graph_nodes,cudaMemAdviseSetPreferredLocationGPU,012,2.41,0.311230,12,0.025935,4.80e-03,0.055935
Kernel2,graph1MW_6,Global,h_graph_edges,cudaMemAdviseSetPreferredLocationGPU,022,2.39,0.310780,12,0.025898,4.93e-03,0.055872
Kernel2,graph1MW_6,Global,h_graph_mask,cudaMemAdviseSetPreferredLocationGPU,032,6.32,0.802363,12,0.066863,4.77e-03,0.502652
Kernel2,graph1MW_6,Global,h_updating_graph_mask,cudaMemAdviseSetPreferredLocationGPU,042,5.07,0.615580,12,0.051298,4.83e-03,0.360189
Kernel2,graph1MW_6,Global,h_graph_visited,cudaMemAdviseSetPreferredLocationGPU,052,2.42,0.311806,12,0.025983,4.80e-03,0.056031
Kernel2,graph1MW_6,Global,h_cost,cudaMemAdviseSetPreferredLocationGPU,062,2.58,0.308157,12,0.025679,4.80e-03,0.054112
Kernel2,graph1MW_6,Global,none,cudaMemAdviseSetAccessedByGPU,003,2.43,0.310717,12,0.025893,4.83e-03,0.055360
Kernel2,graph1MW_6,Global,h_graph_nodes,cudaMemAdviseSetAccessedByGPU,013,2.32,0.311357,12,0.025946,4.86e-03,0.054624
Kernel2,graph1MW_6,Global,h_graph_edges,cudaMemAdviseSetAccessedByGPU,023,2.00,0.310622,12,0.025885,4.80e-03,0.054944
Kernel2,graph1MW_6,Global,h_graph_mask,cudaMemAdviseSetAccessedByGPU,033,6.14,0.795034,12,0.066252,4.83e-03,0.493308
Kernel2,graph1MW_6,Global,h_updating_graph_mask,cudaMemAdviseSetAccessedByGPU,043,14.43,1.941871,12,0.161822,4.80e-03,0.955896
Kernel2,graph1MW_6,Global,h_graph_visited,cudaMemAdviseSetAccessedByGPU,053,2.51,0.322526,12,0.026877,4.80e-03,0.056160
Kernel2,graph1MW_6,Global,h_cost,cudaMemAdviseSetAccessedByGPU,063,3.15,0.358045,12,0.029837,4.83e-03,0.103679
Kernel2,graph1MW_6,Global,none,cudaMemAdviseSetPreferredLocationGPU,004,2.41,0.311231,12,0.025935,4.83e-03,0.055967
Kernel2,graph1MW_6,Global,h_graph_nodes,cudaMemAdviseSetPreferredLocationGPU,014,2.60,0.309020,12,0.025751,4.80e-03,0.054239
Kernel2,graph1MW_6,Global,h_graph_edges,cudaMemAdviseSetPreferredLocationGPU,024,3.42,0.306654,12,0.025554,4.77e-03,0.054208
Kernel2,graph1MW_6,Global,h_graph_mask,cudaMemAdviseSetPreferredLocationGPU,034,6.60,0.937403,12,0.078116,8.96e-03,0.489244
Kernel2,graph1MW_6,Global,h_updating_graph_mask,cudaMemAdviseSetPreferredLocationGPU,044,33.99,8.093606,12,0.674467,0.046144,1.765427
Kernel2,graph1MW_6,Global,h_graph_visited,cudaMemAdviseSetPreferredLocationGPU,054,2.43,0.410237,12,0.034186,4.80e-03,0.071712
Kernel2,graph1MW_6,Global,h_cost,cudaMemAdviseSetPreferredLocationGPU,064,1.96,0.310877,12,0.025906,4.80e-03,0.057791
Kernel2,graph1MW_6,Global,none,cudaMemAdviseSetPreferredLocationCPU,005,2.38,0.311677,12,0.025973,4.80e-03,0.055807
Kernel2,graph1MW_6,Global,h_graph_nodes,cudaMemAdviseSetPreferredLocationCPU,015,2.55,0.319519,12,0.026626,4.80e-03,0.063744
Kernel2,graph1MW_6,Global,h_graph_edges,cudaMemAdviseSetPreferredLocationCPU,025,2.33,0.309406,12,0.025783,4.83e-03,0.054272
Kernel2,graph1MW_6,Global,h_graph_mask,cudaMemAdviseSetPreferredLocationCPU,035,6.65,0.906424,12,0.075535,4.83e-03,0.603195
Kernel2,graph1MW_6,Global,h_updating_graph_mask,cudaMemAdviseSetPreferredLocationCPU,045,5.98,0.798490,12,0.066540,4.80e-03,0.542747
Kernel2,graph1MW_6,Global,h_graph_visited,cudaMemAdviseSetPreferredLocationCPU,055,2.34,0.310458,12,0.025871,4.83e-03,0.054687
Kernel2,graph1MW_6,Global,h_cost,cudaMemAdviseSetPreferredLocationCPU,065,2.53,0.306493,12,0.025541,4.83e-03,0.054271
Kernel2,graph1MW_6,Host,none,none,100,2.62,0.308224,12,0.025685,4.80e-03,0.054112
Kernel2,graph1MW_6,Host,h_graph_nodes,none,110,2.36,0.311583,12,0.025965,4.80e-03,0.055936
Kernel2,graph1MW_6,Host,h_graph_edges,none,120,2.54,0.308381,12,0.025698,4.80e-03,0.054111
Kernel2,graph1MW_6,Host,h_graph_mask,none,130,2.60,0.307935,12,0.025661,4.86e-03,0.054080
Kernel2,graph1MW_6,Host,h_updating_graph_mask,none,140,2.53,0.309758,12,0.025813,4.83e-03,0.054080
Kernel2,graph1MW_6,Host,h_graph_visited,none,150,2.44,0.309660,12,0.025805,4.80e-03,0.054399
Kernel2,graph1MW_6,Host,h_cost,none,160,2.60,0.308926,12,0.025743,4.80e-03,0.054111
Kernel2,graph1MW_6,Host,none,cudaMemAdviseSetReadMostly,101,2.54,0.308958,12,0.025746,4.77e-03,0.054304
Kernel2,graph1MW_6,Host,h_graph_nodes,cudaMemAdviseSetReadMostly,111,2.67,0.312125,12,0.026010,4.80e-03,0.055712
Kernel2,graph1MW_6,Host,h_graph_edges,cudaMemAdviseSetReadMostly,121,3.82,0.311582,12,0.025965,4.83e-03,0.055199
Kernel2,graph1MW_6,Host,h_graph_mask,cudaMemAdviseSetReadMostly,131,35.98,12.68592,12,1.057159,0.090335,2.403565
Kernel2,graph1MW_6,Host,h_updating_graph_mask,cudaMemAdviseSetReadMostly,141,5.93,0.825852,12,0.068821,6.53e-03,0.288894
Kernel2,graph1MW_6,Host,h_graph_visited,cudaMemAdviseSetReadMostly,151,48.64,10.80833,12,0.900694,0.064319,2.087792
Kernel2,graph1MW_6,Host,h_cost,cudaMemAdviseSetReadMostly,161,0.04,0.407934,12,0.033994,5.44e-03,0.118144
Kernel2,graph1MW_6,Host,none,cudaMemAdviseSetPreferredLocationGPU,102,2.45,0.309758,12,0.025813,4.83e-03,0.054240
Kernel2,graph1MW_6,Host,h_graph_nodes,cudaMemAdviseSetPreferredLocationGPU,112,2.41,0.311518,12,0.025959,4.80e-03,0.055199
Kernel2,graph1MW_6,Host,h_graph_edges,cudaMemAdviseSetPreferredLocationGPU,122,2.58,0.308990,12,0.025749,4.80e-03,0.054112
Kernel2,graph1MW_6,Host,h_graph_mask,cudaMemAdviseSetPreferredLocationGPU,132,6.61,0.859450,12,0.071620,4.80e-03,0.555387
Kernel2,graph1MW_6,Host,h_updating_graph_mask,cudaMemAdviseSetPreferredLocationGPU,142,5.20,0.631100,12,0.052591,4.77e-03,0.375933
Kernel2,graph1MW_6,Host,h_graph_visited,cudaMemAdviseSetPreferredLocationGPU,152,2.69,0.308413,12,0.025701,4.80e-03,0.054111
Kernel2,graph1MW_6,Host,h_cost,cudaMemAdviseSetPreferredLocationGPU,162,2.62,0.307199,12,0.025599,4.80e-03,0.054112
Kernel2,graph1MW_6,Host,none,cudaMemAdviseSetAccessedByGPU,103,2.56,0.308443,12,0.025703,4.86e-03,0.054303
Kernel2,graph1MW_6,Host,h_graph_nodes,cudaMemAdviseSetAccessedByGPU,113,2.49,0.311355,12,0.025946,4.83e-03,0.054688
Kernel2,graph1MW_6,Host,h_graph_edges,cudaMemAdviseSetAccessedByGPU,123,2.51,0.306301,12,0.025525,4.83e-03,0.055136
Kernel2,graph1MW_6,Host,h_graph_mask,cudaMemAdviseSetAccessedByGPU,133,5.87,0.714552,12,0.059546,4.83e-03,0.415260
Kernel2,graph1MW_6,Host,h_updating_graph_mask,cudaMemAdviseSetAccessedByGPU,143,16.12,2.232528,12,0.186044,4.83e-03,0.907321
Kernel2,graph1MW_6,Host,h_graph_visited,cudaMemAdviseSetAccessedByGPU,153,2.49,0.326493,12,0.027207,4.80e-03,0.056160
Kernel2,graph1MW_6,Host,h_cost,cudaMemAdviseSetAccessedByGPU,163,2.86,0.357023,12,0.029751,4.80e-03,0.103328
Kernel2,graph1MW_6,Host,none,cudaMemAdviseSetPreferredLocationGPU,104,2.44,0.311807,12,0.025983,4.80e-03,0.055616
Kernel2,graph1MW_6,Host,h_graph_nodes,cudaMemAdviseSetPreferredLocationGPU,114,2.60,0.310238,12,0.025853,4.80e-03,0.054784
Kernel2,graph1MW_6,Host,h_graph_edges,cudaMemAdviseSetPreferredLocationGPU,124,3.37,0.307581,12,0.025631,4.80e-03,0.054463
Kernel2,graph1MW_6,Host,h_graph_mask,cudaMemAdviseSetPreferredLocationGPU,134,6.70,0.908027,12,0.075668,9.34e-03,0.463772
Kernel2,graph1MW_6,Host,h_updating_graph_mask,cudaMemAdviseSetPreferredLocationGPU,144,33.57,8.120992,12,0.676749,0.045632,1.778962
Kernel2,graph1MW_6,Host,h_graph_visited,cudaMemAdviseSetPreferredLocationGPU,154,2.47,0.428317,12,0.035693,4.80e-03,0.072799
Kernel2,graph1MW_6,Host,h_cost,cudaMemAdviseSetPreferredLocationGPU,164,1.97,0.311996,12,0.025999,4.83e-03,0.058144
Kernel2,graph1MW_6,Host,none,cudaMemAdviseSetPreferredLocationCPU,105,2.44,0.310621,12,0.025885,4.86e-03,0.055264
Kernel2,graph1MW_6,Host,h_graph_nodes,cudaMemAdviseSetPreferredLocationCPU,115,2.48,0.308284,12,0.025690,4.83e-03,0.054175
Kernel2,graph1MW_6,Host,h_graph_edges,cudaMemAdviseSetPreferredLocationCPU,125,2.12,0.311935,12,0.025994,4.80e-03,0.056160
Kernel2,graph1MW_6,Host,h_graph_mask,cudaMemAdviseSetPreferredLocationCPU,135,6.68,0.843290,12,0.070274,4.80e-03,0.543260
Kernel2,graph1MW_6,Host,h_updating_graph_mask,cudaMemAdviseSetPreferredLocationCPU,145,5.95,0.786586,12,0.065548,4.86e-03,0.530780
Kernel2,graph1MW_6,Host,h_graph_visited,cudaMemAdviseSetPreferredLocationCPU,155,2.45,0.309084,12,0.025757,4.83e-03,0.054175
Kernel2,graph1MW_6,Host,h_cost,cudaMemAdviseSetPreferredLocationCPU,165,2.50,0.307867,12,0.025655,4.83e-03,0.054271
